Transect,Date,Time,PAR,PAR_MIN,PAR_MAX,BATT,SITE,CHK
T-1,8/29/18,8:35:47 AM,336.71,329.49,340.67,5.16,1XS ,137
T-1,8/29/18,8:36:26 AM,139.7,136.9,144.37,5.16,101,54
T-1,8/29/18,8:36:57 AM,27.721,27.57,27.829,5.16,102,72
T-1,8/29/18,8:37:23 AM,6.4332,6.4014,6.5359,5.16,103,53
T-1,8/29/18,8:37:51 AM,1.6713,1.6398,1.6667,5.15,104,66
T-1,8/29/18,8:38:32 AM,0.40632,0.40126,0.41257,5.15,1XB ,243
T-1,8/29/18,9:02:08 AM,483.35,471.87,495.15,5.14,2XS ,130
T-1,8/29/18,9:02:39 AM,39.305,39.08,39.383,5.14,201,54
T-1,8/29/18,9:03:03 AM,8.6897,8.6015,8.7827,5.15,202,74
T-1,8/29/18,9:03:51 AM,503.39,502.94,530.57,5.15,2XS ,123
T-1,8/29/18,9:04:14 AM,191.82,191.27,195.08,5.15,201,56
T-1,8/29/18,9:04:33 AM,38.614,38.369,39.156,5.15,202,70
T-1,8/29/18,9:04:53 AM,8.6248,8.5903,8.7144,5.15,203,77
T-1,8/29/18,9:05:20 AM,1.9174,1.9105,1.9302,5.15,204,43
T-1,8/29/18,9:05:42 AM,0.46429,0.45501,0.47572,5.15,205,206
T-1,8/29/18,9:06:02 AM,0.093492,0.06856,0.10807,5.15,206,49
T-1,8/29/18,9:26:10 AM,507.13,501.88,513.49,5.08,4XS ,120
T-1,8/29/18,9:26:40 AM,206.33,204.98,208.85,5.08,401,51
T-1,8/29/18,9:27:00 AM,34.973,34.637,35.089,5.08,402,65
T-1,8/29/18,9:27:23 AM,6.9416,6.8342,7.0645,5.08,403,70
T-1,8/29/18,9:27:47 AM,1.2328,1.2149,1.2457,5.08,404,60
T-1,8/29/18,9:28:12 AM,0.2699,0.26495,0.27473,5.08,405,223
T-1,8/29/18,9:28:46 AM,0.27362,0.26111,0.28873,5.08,4XB ,14
T-1,8/29/18,10:06:27 AM,715.92,692.23,746.64,5.08,3XS ,130
T-1,8/29/18,10:06:54 AM,307.86,306.13,310.65,5.1,301,30
T-1,8/29/18,10:07:12 AM,57.859,57.956,60.008,5.1,302,56
T-1,8/29/18,10:07:31 AM,14.714,13.868,14.678,5.1,303,49
T-1,8/29/18,10:07:50 AM,3.4548,3.2105,3.6129,5.1,304,40
T-1,8/29/18,10:08:09 AM,0.78121,0.7653,0.79195,5.11,305,208
T-1,8/29/18,10:08:36 AM,0.20444,0.14794,0.2143,5.11,3XB ,241
T-2,8/29/18,10:52:30 AM,1078.7,1052.1,1145.1,5.11,1XS ,88
T-2,8/29/18,10:53:06 AM,535.07,520.74,545.54,5.12,101,39
T-2,8/29/18,10:53:26 AM,138.89,137.59,139.99,5.13,102,69
T-2,8/29/18,10:53:58 AM,32.06,31.506,32.906,5.13,103,38
T-2,8/29/18,10:54:26 AM,8.1239,7.6927,8.2356,5.13,104,70
T-2,8/29/18,10:54:55 AM,2.1486,2.1987,2.2704,5.13,105,60
T-2,8/29/18,10:55:15 AM,1.1438,1.146,1.2022,5.13,1XB ,85
T-2,8/29/18,11:17:14 AM,658.28,654.62,756.78,5.12,2XS ,135
T-2,8/29/18,11:18:08 AM,303.38,278.99,314.95,5.13,201,59
T-2,8/29/18,11:18:31 AM,76.871,70.252,82.338,5.13,202,53
T-2,8/29/18,11:18:59 AM,17.664,17.527,18.417,5.13,203,64
T-2,8/29/18,11:19:19 AM,5.5354,5.0387,5.5759,5.13,204,73
T-2,8/29/18,11:19:39 AM,2.1371,2.0707,2.4038,5.13,205,49
T-2,8/29/18,11:19:58 AM,0.63245,0.61162,0.65036,5.13,206,206
T-2,8/29/18,11:20:13 AM,0.32225,0.070593,0.33775,5.12,2XB ,32
T-2,8/29/18,11:38:14 AM,213.03,216.1,222.81,5.11,3XS ,87
T-2,8/29/18,11:38:42 AM,95.883,94.056,99.244,5.12,301,68
T-2,8/29/18,11:39:00 AM,22.952,22.613,23.578,5.12,302,40
T-2,8/29/18,11:39:20 AM,6.4252,6.2418,6.5458,5.13,303,55
T-2,8/29/18,11:39:45 AM,1.5143,1.4844,1.5395,5.13,304,55
T-2,8/29/18,11:40:07 AM,0.35123,0.34103,0.36174,5.12,305,179
T-2,8/29/18,11:40:26 AM,0.062598,0.04971,0.081929,5.13,306,106
T-2,8/29/18,12:03:30 PM,196.15,194.13,199.85,5.1,4XS ,116
T-2,8/29/18,12:04:09 PM,92.366,90.957,93.619,5.12,401,66
T-2,8/29/18,12:04:32 PM,22.937,21.304,23.033,5.12,402,25
T-2,8/29/18,12:04:54 PM,5.8451,5.6126,5.7027,5.12,403,52
T-2,8/29/18,12:05:11 PM,1.4062,1.3922,1.4367,5.12,404,36
T-2,8/29/18,12:05:29 PM,0.30011,0.28768,0.3222,5.12,405,185
T-2,8/29/18,12:05:43 PM,0.13123,0,0.53701,5.12,4XB ,169
T-3,6/6/18,9:49:10 AM,448.61,438.36,470.65,5.83,1XB ,111
T-3,6/6/18,9:50:32 AM,74.342,71.299,79.379,5.83,101,69
T-3,6/6/18,9:51:38 AM,6.3074,5.1674,6.329,5.83,102,61
T-3,6/6/18,9:52:30 AM,0.68514,0.6748,0.6871,5.83,103,202
T-3,6/6/18,9:53:15 AM,0.07185,0.052285,0.098027,5.83,104,96
T-3,6/6/18,9:53:56 AM,0.0099612,0,0.025571,5.82,105,34
T-3,6/6/18,9:54:52 AM,0.0022736,0,0.0036612,5.82,106,74
T-3,6/6/18,9:55:49 AM,0.00635,0,0.019613,5.82,1XB ,76
T-3,6/6/18,11:07:20 AM,472.87,459.95,486.46,5.82,2XS ,135
T-3,6/6/18,11:08:24 AM,103.34,90.009,110.94,5.82,201,26
T-3,6/6/18,11:08:51 AM,10.313,9.9199,10.843,5.82,202,47
T-3,6/6/18,11:09:27 AM,1.0015,0.92037,1.0176,5.81,203,83
T-3,6/6/18,11:10:02 AM,0.12286,0.084392,0.11469,5.81,204,230
T-3,6/6/18,11:10:45 AM,0.012551,0.0040358,0.018995,5.81,205,129
T-3,6/6/18,11:11:25 AM,0.0046461,0,0.011707,5.81,206,7
T-3,6/6/18,11:12:15 AM,0.0038807,0,0.010365,5.8,2XB ,65
T-3,6/6/18,11:45:27 AM,770.18,751.02,817.76,5.81,5XS ,126
T-3,6/6/18,11:46:06 AM,190.78,180.89,214.6,5.81,501,50
T-3,6/6/18,11:46:35 AM,11.369,10.867,11.743,5.81,502,49
T-3,6/6/18,11:47:05 AM,0.86117,0.8499,0.88614,5.8,503,215
T-3,6/6/18,11:47:37 AM,0.06443,0.056682,0.069532,5.8,504,101
T-3,6/6/18,11:48:20 AM,0.0084683,0.0045176,0.016025,5.8,505,182
T-3,6/6/18,11:48:58 AM,0.0046497,0,0.033285,5.8,506,38
T-3,6/6/18,11:49:40 AM,0.00028983,0,0.0014491,5.8,5XB ,179
T-3,6/6/18,12:50:27 PM,866.53,801.17,908.88,5.8,4XS ,131
T-3,6/6/18,12:51:10 PM,236.86,222,241.98,5.8,401,30
T-3,6/6/18,12:51:40 PM,16.025,14.752,16.802,5.8,402,31
T-3,6/6/18,12:52:16 PM,1.6021,1.3356,1.6294,5.8,403,39
T-3,6/6/18,12:52:48 PM,0.1178,0.08175,0.13027,5.8,404,241
T-3,6/6/18,12:53:14 PM,0.014539,0.01405,0.034763,5.79,405,81
T-3,6/6/18,12:53:42 PM,0.001506,0,0.0075299,5.79,406,74
T-3,6/6/18,12:54:26 PM,0.0093326,0,0.0065709,5.79,407,87
T-3,6/6/18,12:55:02 PM,0.0034722,0,0.0096395,5.79,4XB ,136
T-3,6/6/18,1:33:12 PM,451.61,425.37,482.15,5.8,3XS ,106
T-3,6/6/18,1:33:55 PM,272.66,260.98,297.92,5.8,301,61
T-3,6/6/18,1:34:29 PM,19.344,18.813,19.776,5.8,302,62
T-3,6/6/18,1:34:56 PM,2.0583,1.7899,2.141,5.8,303,53
T-3,6/6/18,1:35:33 PM,0.24059,0.14727,0.26771,5.8,304,201
T-3,6/6/18,1:35:59 PM,0.060627,0.046588,0.080534,5.8,305,99
T-3,6/6/18,1:36:23 PM,0.0078515,0,0.01552,5.8,306,14
T-3,6/6/18,1:36:52 PM,0.0080107,0,0.036041,5.8,307,10
T-3,6/6/18,1:37:32 PM,0.016408,0,0.034506,5.8,308,228
T-3,6/6/18,1:37:59 PM,0.022698,0,0.086095,5.79,3XB ,59
T-4,8/29/18,12:44:50 PM,363.54,356.11,384.01,5.1,1XS ,101
T-4,8/29/18,12:45:16 PM,181.37,176.7,182.51,5.11,101,38
T-4,8/29/18,12:45:35 PM,68.714,63.089,71.698,5.11,102,67
T-4,8/29/18,12:45:55 PM,16.465,15.915,16.842,5.11,103,53
T-4,8/29/18,12:46:16 PM,4.2674,4.172,4.2851,5.11,104,47
T-4,8/29/18,12:46:36 PM,1.2066,1.1872,1.2339,5.11,105,47
T-4,8/29/18,12:46:53 PM,0.32732,0.31079,0.34109,5.11,106,195
T-4,8/29/18,12:47:13 PM,0.45459,0.34493,0.47994,5.11,1XB ,19
T-4,8/29/18,1:17:01 PM,1364.6,1291.7,1372.5,5.11,2XS ,105
T-4,8/29/18,1:17:34 PM,597.94,591.91,602.23,5.12,201,54
T-4,8/29/18,1:18:00 PM,145.49,142.89,146.68,5.12,202,52
T-4,8/29/18,1:18:38 PM,32.943,30.234,33.202,5.12,203,37
T-4,8/29/18,1:18:59 PM,8.4079,8.2554,8.6554,5.12,204,80
T-4,8/29/18,1:19:13 PM,2.4948,2.2549,8.3495,5.12,205,72
T-4,8/29/18,1:19:34 PM,0.53648,0.50847,0.56928,5.12,206,224
T-4,8/29/18,1:19:49 PM,0.31819,0.28716,0.35562,5.12,2XB ,15
T-4,8/29/18,1:40:18 PM,1212.9,1138.6,1250.3,5.1,4XS ,96
T-4,8/29/18,1:40:38 PM,682.23,646.84,718.83,5.11,401,58
T-4,8/29/18,1:40:56 PM,176.62,167.98,176.93,5.11,402,64
T-4,8/29/18,1:41:13 PM,43.158,42.271,44.563,5.12,403,42
T-4,8/29/18,1:41:30 PM,10.99,10.635,11.139,5.12,404,34
T-4,8/29/18,1:41:46 PM,2.7184,2.6171,2.8797,5.12,405,67
T-4,8/29/18,1:41:55 PM,2.8599,2.5197,3.1462,5.12,4XB ,122
T-4,8/29/18,2:04:51 PM,1157.3,1077.4,1227.3,5.11,3XS ,101
T-4,8/29/18,2:05:15 PM,609.19,589.22,640.33,5.12,301,47
T-4,8/29/18,2:05:31 PM,139.01,136.49,140.74,5.13,302,35
T-4,8/29/18,2:05:51 PM,26.874,26.698,27.179,5.13,303,71
T-4,8/29/18,2:06:07 PM,6.5808,6.5167,6.7541,5.13,304,66
T-4,8/29/18,2:06:25 PM,1.6532,1.6669,2.0513,5.13,305,50
T-4,8/29/18,2:06:42 PM,0.46563,0.38313,0.51795,5.13,3XB ,5
T-5,7/2/18,2:08:42 PM,210.14,203.39,227.17,5.65,4XS ,98
T-5,7/2/18,2:09:08 PM,15.296,14.801,17.458,5.65,401,47
T-5,7/2/18,2:09:29 PM,0.13154,0.12225,0.14335,5.65,402,177
T-5,7/2/18,2:09:45 PM,0.0074915,0,0.012171,5.65,403,14
T-5,7/2/18,2:26:55 PM,226.28,221.82,229.8,5.65,3XS ,114
T-5,7/2/18,2:27:22 PM,20.213,18.848,19.801,5.65,301,37
T-5,7/2/18,2:27:50 PM,0.17183,0.17275,0.17735,5.65,302,195
T-5,7/2/18,2:28:11 PM,0.0043745,0,0.010694,5.64,303,13
T-5,7/2/18,2:50:12 PM,198.3,189.89,233.59,5.66,2XS ,125
T-5,7/2/18,2:50:47 PM,17.642,17.251,18.705,5.65,201,39
T-5,7/2/18,2:51:11 PM,0.15488,0.14587,0.16045,5.65,202,189
T-5,7/2/18,2:51:30 PM,0.0033533,0,0.0052944,5.64,203,54
T-5,7/2/18,3:17:21 PM,228.98,191.16,251.74,5.65,1XS ,115
T-5,7/2/18,3:18:10 PM,24.413,22.512,25.108,5.64,101,18
T-5,7/2/18,3:18:32 PM,0.2743,0.26517,0.2807,5.64,102,181
T-5,7/2/18,3:18:57 PM,0.008255,0.0014659,0.027548,5.64,103,192
T-6,7/2/18,12:05:24 PM,98.466,96,100.62,5.66,1XS ,104
T-6,7/2/18,12:05:58 PM,8.3713,6.7663,8.4979,5.66,101,69
T-6,7/2/18,12:06:19 PM,0.070371,0.065231,0.072327,5.65,102,70
T-6,7/2/18,12:06:39 PM,0.0034339,0,0.014984,5.65,103,19
T-6,7/2/18,12:28:45 PM,277.57,264.77,292.77,5.66,2XS ,137
T-6,7/2/18,12:29:14 PM,19.122,18.897,19.998,5.65,201,65
T-6,7/2/18,12:29:34 PM,0.11958,0.11276,0.12522,5.65,202,183
T-6,7/2/18,12:29:51 PM,0.0037886,0,0.012263,5.65,203,17
T-6,7/2/18,1:08:55 PM,143.01,142.33,148.55,5.67,3XS ,103
T-6,7/2/18,1:09:29 PM,11.05,9.6489,10.946,5.66,301,50
T-6,7/2/18,1:09:51 PM,0.1042,0.1047,0.121,5.66,302,153
T-6,7/2/18,1:10:04 PM,0.00084048,0,0.047545,5.66,303,59
T-6,7/2/18,1:28:24 PM,121.18,117.22,123.53,5.66,4XS ,96
T-6,7/2/18,1:28:59 PM,5.6042,5.4942,5.685,5.66,401,58
T-6,7/2/18,1:29:23 PM,0.045341,0.043768,0.047028,5.66,402,86
T-6,7/2/18,1:29:40 PM,0.0040526,0,0.021713,5.66,403,5
T-7,7/2/18,10:16:40 AM,62.249,61.444,70.727,5.65,1XS ,110
T-7,7/2/18,10:17:20 AM,3.3213,2.9766,3.3778,5.65,101,43
T-7,7/2/18,10:17:48 AM,0.028055,0.027096,0.031315,5.65,102,75
T-7,7/2/18,10:18:10 AM,0.00040515,0,0.042822,5.65,103,44
T-7,7/2/18,10:38:43 AM,51.871,50.827,53.476,5.65,2XS ,121
T-7,7/2/18,10:39:14 AM,3.3675,3.1246,3.8248,5.65,201,45
T-7,7/2/18,10:39:33 AM,0.022718,0.0090246,0.049299,5.65,202,138
T-7,7/2/18,10:39:51 AM,0.00054346,0,0.0011615,5.65,203,102
T-7,7/2/18,11:01:33 AM,97.041,93.587,107.08,5.66,3XS ,113
T-7,7/2/18,11:02:01 AM,6.1456,5.9387,6.2573,5.65,301,44
T-7,7/2/18,11:02:27 AM,0.045395,0.039104,0.045817,5.65,302,78
T-7,7/2/18,11:02:43 AM,0.0089217,0,0.067104,5.65,303,8
T-7,7/2/18,11:23:14 AM,83.507,78.568,87.957,5.66,4XS ,140
T-7,7/2/18,11:23:37 AM,5.069,4.7636,5.2297,5.66,401,52
T-7,7/2/18,11:23:57 AM,0.020744,0.0199,0.023352,5.65,402,68
T-7,7/2/18,11:24:09 AM,0.004959,0,0.016831,5.65,403,15
T-8,6/13/18,9:24:11 AM,193.35,166.08,202.6,5.78,3XS ,113
T-8,6/13/18,9:24:45 AM,35.914,28.931,39.951,5.78,301,68
T-8,6/13/18,9:25:25 AM,2.4071,2.205,2.5653,5.77,302,42
T-8,6/13/18,9:25:52 AM,0.1391,0.12794,0.18355,5.77,303,195
T-8,6/13/18,9:26:11 AM,0.013403,0.0074964,0.024182,5.77,304,129
T-8,6/13/18,9:26:29 AM,0.0019979,0,0.053141,5.77,305,36
T-8,6/13/18,9:26:49 AM,0.017076,0,0.08095,5.77,306,243
T-8,6/13/18,9:27:15 AM,0.0071411,0,0.030894,5.77,307,27
T-8,6/13/18,9:27:39 AM,0.0050665,0,0.12084,5.77,3XB ,38
T-8,6/13/18,9:56:37 AM,196.14,166.97,211.45,5.77,1XS ,129
T-8,6/13/18,9:57:09 AM,58.316,54.229,63.354,5.77,101,61
T-8,6/13/18,9:57:41 AM,4.1398,3.2174,4.4753,5.77,102,59
T-8,6/13/18,9:58:06 AM,0.5209,0.36171,0.53317,5.77,103,197
T-8,6/13/18,9:58:34 AM,0.044615,0.0092117,0.08535,5.76,104,144
T-8,6/13/18,9:59:10 AM,0.0073298,0,0.016691,5.76,105,38
T-8,6/13/18,9:59:46 AM,0.0083642,0,0.036061,5.76,106,28
T-8,6/13/18,10:00:19 AM,0.013813,0,0.021294,5.76,107,213
T-8,6/13/18,10:00:43 AM,0.011394,0,0.020719,5.75,1XB ,9
T-8,6/13/18,10:34:33 AM,197.74,186.93,212.12,5.74,2XS ,111
T-8,6/13/18,10:35:15 AM,35.189,33.045,39.255,5.74,201,43
T-8,6/13/18,10:35:46 AM,3.1523,2.4522,3.0906,5.74,202,32
T-8,6/13/18,10:36:15 AM,0.3082,0.26889,0.31914,5.74,203,194
T-8,6/13/18,10:36:44 AM,0.024672,0.015926,0.037598,5.74,204,99
T-8,6/13/18,10:37:21 AM,0.0082517,0,0.031269,5.74,205,19
T-8,6/13/18,10:37:49 AM,0.0089772,0,0.044886,5.74,206,42
T-8,6/13/18,10:38:20 AM,0.021178,0,0.037982,5.73,2XB ,23
T-8,6/13/18,11:08:25 AM,206.72,191.55,215.58,5.74,4XS ,112
T-8,6/13/18,11:09:05 AM,42.157,39.701,50.798,5.73,401,48
T-8,6/13/18,11:09:36 AM,3.5263,2.8467,3.5753,5.73,402,56
T-8,6/13/18,11:10:16 AM,0.17964,0.14428,0.19395,5.72,403,197
T-8,6/13/18,11:10:51 AM,0.015041,0,0.041863,5.72,404,208
T-8,6/13/18,11:11:34 AM,0.00078871,0,0.0038896,5.72,405,125
T-8,6/13/18,11:12:14 AM,0.016372,0,0.043781,5.71,406,216
T-8,6/13/18,11:13:30 AM,0.0094298,0,0.022876,5.71,4XB ,78
T-8,6/13/18,11:43:36 AM,128.4,123.15,136.83,5.73,5XS ,102
T-8,6/13/18,11:44:15 AM,31.934,31.288,32.743,5.73,501,42
T-8,6/13/18,11:44:52 AM,1.4223,1.0307,1.3978,5.72,502,35
T-8,6/13/18,11:45:30 AM,0.10278,0.08157,0.11609,5.72,503,233
T-8,6/13/18,11:46:09 AM,0.0066348,0,0.022693,5.71,504,28
T-8,6/13/18,11:46:37 AM,0.0050238,0,0.031898,5.71,505,30
T-8,6/13/18,11:47:04 AM,0.004551,0,0.015789,5.71,506,18
T-8,6/13/18,11:47:21 AM,0.025391,0,0.091927,5.71,5XB ,26
T-9,7/9/18,9:03:53 AM,198.48,194.31,228.02,5.59,1XS ,124
T-9,7/9/18,9:04:41 AM,68.063,63.684,69.836,5.61,101,64
T-9,7/9/18,9:05:16 AM,7.4331,7.5607,7.9669,5.61,102,69
T-9,7/9/18,9:05:48 AM,0.59374,0.55883,0.64513,5.61,103,217
T-9,7/9/18,9:06:14 AM,0.062752,0.060566,0.06421,5.61,104,85
T-9,7/9/18,9:34:52 AM,609.91,567.46,632.86,5.61,2XS ,137
T-9,7/9/18,9:35:30 AM,115.66,107.59,115.63,5.6,201,41
T-9,7/9/18,9:35:56 AM,9.0441,8.2724,10.132,5.6,202,44
T-9,7/9/18,9:36:40 AM,1.023,0.96326,0.98761,5.6,203,153
T-9,7/9/18,9:37:10 AM,0.18096,0.16082,0.18729,5.6,204,207
T-9,7/9/18,9:37:46 AM,0.013685,0.0027916,0.022929,5.6,205,151
T-9,7/9/18,10:03:22 AM,599.61,570.07,758.67,5.6,4XS ,127
T-9,7/9/18,10:04:01 AM,147.47,135.33,160.38,5.6,401,27
T-9,7/9/18,10:04:33 AM,9.1117,10.068,14.462,5.6,402,31
T-9,7/9/18,10:05:11 AM,0.85729,0.82534,0.92967,5.59,403,219
T-9,7/9/18,10:05:49 AM,0.045617,0.04017,0.055513,5.59,404,90
T-9,7/9/18,10:39:36 AM,719.47,679.85,755.38,5.6,3XS ,149
T-9,7/9/18,10:40:13 AM,178.79,168.63,186.99,5.6,301,63
T-9,7/9/18,10:40:54 AM,20.561,20.101,21.047,5.59,302,23
T-9,7/9/18,10:41:22 AM,1.4607,1.3763,1.8059,5.59,303,51
T-9,7/9/18,10:41:42 AM,0.15107,0.094804,0.12223,5.59,304,236
T-9,7/9/18,10:42:02 AM,0.031477,0.017131,0.045323,5.59,305,79
T-10,7/9/18,11:21:33 AM,1123.3,1097.2,1210.6,5.6,1XS ,84
T-10,7/9/18,11:22:04 AM,410.22,388.02,429.8,5.6,101,26
T-10,7/9/18,11:22:59 AM,57.785,50.999,62.684,5.59,102,86
T-10,7/9/18,11:23:49 AM,5.745,5.6035,5.9017,5.59,103,62
T-10,7/9/18,11:24:16 AM,0.4842,0.4514,0.50721,5.59,104,189
T-10,7/9/18,11:24:35 AM,0.054717,0.044246,0.060355,5.59,105,88
T-10,7/9/18,11:45:25 AM,1196.6,1152.2,1218.6,5.59,2XS ,114
T-10,7/9/18,11:46:03 AM,343.94,310.59,352.88,5.59,201,55
T-10,7/9/18,11:46:32 AM,53.089,56.001,58.414,5.59,202,52
T-10,7/9/18,11:47:01 AM,5.8834,5.5057,6.1643,5.59,203,64
T-10,7/9/18,11:47:23 AM,0.77053,0.7581,0.82062,5.58,204,205
T-10,7/9/18,11:47:58 AM,0.081325,0.088191,0.10066,5.58,205,54
T-10,7/9/18,12:06:53 PM,1123.3,1090.2,1156.1,5.6,3XS ,89
T-10,7/9/18,12:07:24 PM,312.1,335,352.56,5.59,301,27
T-10,7/9/18,12:07:58 PM,30.08,27.912,32.293,5.59,302,50
T-10,7/9/18,12:08:34 PM,2.9956,2.7903,2.8735,5.58,303,74
T-10,7/9/18,12:09:00 PM,0.30178,0.29235,0.32476,5.58,304,200
T-10,7/9/18,12:09:25 PM,0.037315,0.031139,0.045715,5.58,305,94
T-10,7/9/18,12:32:47 PM,1044,1004.5,1091.6,5.6,4XS ,92
T-10,7/9/18,12:33:18 PM,476.44,467.81,502.55,5.59,401,60
T-10,7/9/18,12:33:41 PM,49.973,42.122,62.512,5.59,402,50
T-10,7/9/18,12:34:07 PM,5.4079,5.0783,5.6569,5.59,403,76
T-10,7/9/18,12:34:28 PM,0.78366,0.53212,0.76686,5.58,404,222
T-10,7/9/18,12:34:58 PM,0.037815,0.024658,0.062631,5.58,405,108
T-11,7/11/18,12:07:32 PM,1285.4,1253.1,1306,5.57,1XS ,92
T-11,7/11/18,12:07:58 PM,547.92,529.08,574.09,5.56,101,61
T-11,7/11/18,12:08:54 PM,118.41,118.01,118.66,5.56,102,35
T-11,7/11/18,12:09:34 PM,29.405,28.751,29.69,5.56,103,58
T-11,7/11/18,12:09:57 PM,6.5516,6.3431,6.5183,5.56,104,52
T-11,7/11/18,12:10:18 PM,1.533,1.5264,1.5387,5.55,105,34
T-11,7/11/18,12:10:37 PM,0.33223,0.32429,0.36629,5.55,106,186
T-11,7/11/18,12:10:51 PM,0.078271,0.016861,0.20155,5.55,107,26
T-11,7/11/18,12:39:58 PM,1375,1357.6,1409.5,5.58,2XS ,120
T-11,7/11/18,12:40:36 PM,663.01,651.72,674.95,5.57,201,46
T-11,7/11/18,12:40:56 PM,170.72,168.98,172.7,5.57,202,49
T-11,7/11/18,12:41:18 PM,45.081,45.001,45.627,5.56,203,36
T-11,7/11/18,12:41:42 PM,12.082,11.886,12.513,5.56,204,34
T-11,7/11/18,12:42:03 PM,3.2928,3.2189,3.3307,5.56,205,49
T-11,7/11/18,12:42:31 PM,0.76664,0.73093,0.79326,5.56,206,212
T-11,7/11/18,12:42:57 PM,0.19029,0.1855,0.19336,5.56,207,207
T-11,7/11/18,12:43:15 PM,0.048106,0,0.12854,5.56,208,173
T-11,7/11/18,1:00:06 PM,1389.9,1261.1,1480,5.57,3XS ,100
T-11,7/11/18,1:00:28 PM,738.66,711.8,776.35,5.56,301,52
T-11,7/11/18,1:00:49 PM,194.4,192.23,197.32,5.56,302,40
T-11,7/11/18,1:01:09 PM,49.77,49.505,50.036,5.56,303,47
T-11,7/11/18,1:01:32 PM,12.689,12.568,12.667,5.56,304,52
T-11,7/11/18,1:01:55 PM,3.2405,3.1857,3.2777,5.56,305,54
T-11,7/11/18,1:02:12 PM,0.84475,0.83865,0.89043,5.55,306,212
T-11,7/11/18,1:02:36 PM,0.19537,0.1862,0.20173,5.55,307,194
T-11,7/11/18,1:03:03 PM,0.073392,0.053868,0.078224,5.55,3XB ,143
T-11,7/11/18,1:32:59 PM,1130.5,1046.2,1147.2,5.57,4XS ,97
T-11,7/11/18,1:33:21 PM,511.91,506.5,519.98,5.56,401,41
T-11,7/11/18,1:33:40 PM,108.23,106.27,110.78,5.56,402,27
T-11,7/11/18,1:33:56 PM,24.435,23.855,24.725,5.56,403,51
T-11,7/11/18,1:34:12 PM,5.5664,5.4617,5.5911,5.56,404,56
T-11,7/11/18,1:34:28 PM,1.2335,1.2108,1.231,5.56,405,28
T-11,7/11/18,1:34:47 PM,0.27858,0.27302,0.28395,5.56,406,214
T-11,7/11/18,1:35:04 PM,0.059876,0,0.059761,5.55,407,250
T-12,6/18/18,9:17:02 AM,427.18,419.35,431.19,5.74,3XS ,121
T-12,6/18/18,9:17:38 AM,160.75,157.12,163.5,5.74,301,47
T-12,6/18/18,9:18:13 AM,21.544,21.382,22.6,5.74,302,36
T-12,6/18/18,9:18:55 AM,2.9821,2.8955,3.0152,5.74,303,66
T-12,6/18/18,9:19:36 AM,0.58821,0.57184,0.6146,5.74,304,218
T-12,6/18/18,9:20:12 AM,0.095438,0.07952,0.10253,5.74,305,36
T-12,6/18/18,9:20:46 AM,0.024631,0.018532,0.034067,5.74,306,87
T-12,6/18/18,9:21:23 AM,0.0046371,0,0.017573,5.74,307,28
T-12,6/18/18,9:21:48 AM,0.0092157,0,0.022752,5.74,308,36
T-12,6/18/18,9:22:08 AM,0.096603,0,0.14914,5.74,3XB ,246
T-12,6/18/18,9:51:50 AM,579.48,549.59,605.36,5.74,1XS ,143
T-12,6/18/18,9:52:28 AM,201.18,199.8,213.3,5.74,101,41
T-12,6/18/18,9:53:07 AM,24.193,21.608,23.941,5.74,102,50
T-12,6/18/18,9:53:34 AM,3.634,3.5953,3.9255,5.74,103,63
T-12,6/18/18,9:54:02 AM,0.65389,0.61746,0.65466,5.73,104,223
T-12,6/18/18,9:54:33 AM,0.085789,0.078923,0.098485,5.73,105,136
T-12,6/18/18,9:55:05 AM,0.0076953,0.0016349,0.012375,5.73,106,198
T-12,6/18/18,9:55:36 AM,0.001728,0,0.0056624,5.73,107,79
T-12,6/18/18,9:56:05 AM,0.0064094,0,0.015635,5.73,108,34
T-12,6/18/18,9:56:23 AM,0.02735,0,0.14528,5.73,1XB ,240
T-12,6/18/18,10:28:02 AM,811.31,807.6,887.94,5.74,2XS ,124
T-12,6/18/18,10:28:29 AM,284.89,276.51,290.53,5.74,201,61
T-12,6/18/18,10:28:50 AM,51.075,46.547,56.246,5.73,202,53
T-12,6/18/18,10:29:21 AM,9.6721,9.4679,9.8536,5.73,203,79
T-12,6/18/18,10:29:46 AM,1.4459,1.4449,1.4795,5.73,204,70
T-12,6/18/18,10:30:04 AM,0.25774,0.18567,0.42271,5.73,205,199
T-12,6/18/18,10:30:27 AM,0.04643,0.034156,0.057745,5.73,206,91
T-12,6/18/18,10:30:53 AM,0.020616,0,0.033005,5.73,207,207
T-12,6/18/18,10:31:12 AM,0.0053352,0,0.057554,5.72,208,15
T-12,6/18/18,10:31:36 AM,0.01187,0,0.012868,5.72,2XB ,23
T-12,6/18/18,11:08:25 AM,806.32,778.44,840.7,5.73,4XS ,125
T-12,6/18/18,11:09:10 AM,308.82,271.07,337.58,5.73,401,46
T-12,6/18/18,11:09:42 AM,34.316,33.265,39.129,5.73,402,50
T-12,6/18/18,11:10:33 AM,5.4263,4.9164,5.2879,5.73,403,62
T-12,6/18/18,11:11:19 AM,0.75716,0.75053,0.81151,5.72,404,192
T-12,6/18/18,11:12:04 AM,0.091975,0.079663,0.093471,5.72,405,103
T-12,6/18/18,11:12:41 AM,0.011642,0,0.036895,5.72,406,227
T-12,6/18/18,11:13:17 AM,0.0082759,0,0.021745,5.72,407,31
T-12,6/18/18,11:13:51 AM,0.003127,0,0.0083198,5.71,4XB ,122
T-12,6/18/18,11:46:03 AM,742.27,755.03,783.86,5.73,5XS ,130
T-12,6/18/18,11:46:31 AM,257.24,254.62,264.13,5.73,501,40
T-12,6/18/18,11:46:54 AM,22.54,21.261,23.34,5.73,502,31
T-12,6/18/18,11:47:22 AM,2.8346,2.4339,2.8495,5.72,503,64
T-12,6/18/18,11:47:46 AM,0.34556,0.33064,0.35442,5.72,504,202
T-12,6/18/18,11:48:06 AM,0.034599,0.032029,0.037974,5.72,505,109
T-12,6/18/18,11:48:32 AM,0.0042969,0,0.009974,5.72,506,94
T-12,6/18/18,11:48:52 AM,0.0070205,0.0030698,0.0067136,5.72,5XB ,42
T-13,7/11/18,9:54:19 AM,756.58,684.18,829.51,5.58,4XS ,153
T-13,7/11/18,9:54:50 AM,237.46,206.89,278.57,5.58,401,69
T-13,7/11/18,9:55:17 AM,35.132,33.657,35.893,5.58,402,67
T-13,7/11/18,9:55:42 AM,5.4049,4.9122,5.7274,5.58,403,67
T-13,7/11/18,9:56:15 AM,0.93639,0.86858,1.0042,5.57,404,174
T-13,7/11/18,9:57:05 AM,0.14286,0.13519,0.14938,5.57,405,210
T-13,7/11/18,9:57:39 AM,0.023685,0.017241,0.02779,5.57,406,108
T-13,7/11/18,10:21:12 AM,942.77,895.05,954.56,5.58,3XS ,128
T-13,7/11/18,10:21:46 AM,404.42,399.57,413.31,5.58,301,37
T-13,7/11/18,10:22:46 AM,85.247,83.582,86.796,5.57,302,71
T-13,7/11/18,10:23:18 AM,18.932,18.036,19.938,5.57,303,58
T-13,7/11/18,10:23:52 AM,4.4893,4.1708,4.438,5.57,304,55
T-13,7/11/18,10:24:19 AM,0.99285,0.95652,1.0365,5.57,305,158
T-13,7/11/18,10:24:51 AM,0.21174,0.19187,0.203,5.57,306,176
T-13,7/11/18,10:53:51 AM,1013.8,1021.7,1052.8,5.58,2XS ,90
T-13,7/11/18,10:54:21 AM,469.03,437.38,474.32,5.58,201,43
T-13,7/11/18,10:55:00 AM,110.54,106.63,113.87,5.57,202,24
T-13,7/11/18,10:55:28 AM,27.946,27.449,28.433,5.57,203,65
T-13,7/11/18,10:56:13 AM,5.9937,5.8494,6.0795,5.57,204,80
T-13,7/11/18,10:56:58 AM,2.631,2.2008,2.5717,5.56,205,39
T-13,7/11/18,10:57:29 AM,0.44267,0.42928,0.46783,5.56,206,216
T-13,7/11/18,10:58:39 AM,0.15695,0.15158,0.16462,5.56,207,212
T-13,7/11/18,10:59:04 AM,0.055462,0.053582,0.057035,5.56,208,96
T-13,7/11/18,11:25:10 AM,1117.9,1070.2,1187.8,5.58,1XS ,98
T-13,7/11/18,11:25:36 AM,479.58,464.15,492.95,5.57,101,61
T-13,7/11/18,11:26:00 AM,106.9,104.55,108.53,5.57,102,22
T-13,7/11/18,11:26:25 AM,21.709,20.704,22.377,5.57,103,37
T-13,7/11/18,11:26:45 AM,4.9491,4.6492,5.2059,5.56,104,61
T-13,7/11/18,11:27:03 AM,1.062,1.0188,1.0842,5.56,105,28
T-13,7/11/18,11:27:19 AM,0.26635,0.25929,0.27291,5.56,106,210
T-13,7/11/18,11:27:34 AM,0.062254,0.056002,0.11085,5.56,107,27
T-14,7/25/18,11:48:53 AM,1384.5,1369,1396.6,5.43,1XS ,121
T-14,7/25/18,11:49:12 AM,644.45,636.69,704.78,5.43,101,59
T-14,7/25/18,11:49:30 AM,128.73,127.33,130.31,5.43,102,28
T-14,7/25/18,11:49:52 AM,23.722,23.435,24.578,5.43,103,49
T-14,7/25/18,11:50:17 AM,4.278,3.8213,4.0905,5.43,104,42
T-14,7/25/18,11:50:42 AM,0.6523,0.67485,0.76442,5.42,105,199
T-14,7/25/18,11:51:13 AM,0.1018,0.087989,0.11235,5.42,106,244
T-14,7/25/18,11:51:27 AM,0.018656,0,0.06555,5.42,107,227
T-14,7/25/18,12:11:29 PM,1219.2,1191.6,1323.3,5.43,2XS ,94
T-14,7/25/18,12:11:53 PM,570.82,542.91,595.46,5.43,201,47
T-14,7/25/18,12:12:14 PM,101.09,99.115,101.89,5.43,202,31
T-14,7/25/18,12:12:34 PM,22.073,21.74,22.741,5.43,203,25
T-14,7/25/18,12:12:54 PM,4.1151,4.045,4.118,5.42,204,24
T-14,7/25/18,12:13:12 PM,0.86577,0.85488,0.88902,5.42,205,219
T-14,7/25/18,12:13:43 PM,0.1457,0.13876,0.15161,5.42,206,190
T-14,7/25/18,12:13:59 PM,0.026722,0,0.15199,5.42,207,188
T-14,7/25/18,12:32:12 PM,1424.7,1375.4,1449.7,5.43,3XS ,109
T-14,7/25/18,12:32:32 PM,642.38,610.22,664.1,5.43,301,27
T-14,7/25/18,12:32:51 PM,117.63,114.73,120.04,5.43,302,20
T-14,7/25/18,12:33:11 PM,20.806,19.986,20.95,5.42,303,43
T-14,7/25/18,12:33:32 PM,3.8621,3.8858,3.9671,5.42,304,62
T-14,7/25/18,12:33:56 PM,0.57748,0.57567,0.596,5.42,305,219
T-14,7/25/18,12:34:15 PM,0.095066,0.048655,0.10485,5.42,306,49
T-14,7/25/18,12:57:38 PM,1235.3,1226.3,1252.5,5.42,4XS ,104
T-14,7/25/18,12:58:00 PM,535.51,525.42,545.02,5.42,401,32
T-14,7/25/18,12:58:27 PM,76.147,75.192,76.667,5.42,402,72
T-14,7/25/18,12:58:45 PM,10.742,10.622,10.872,5.42,403,37
T-14,7/25/18,12:59:03 PM,2.1572,1.9736,2.1439,5.42,404,54
T-14,7/25/18,12:59:20 PM,0.51964,0.49762,0.53848,5.42,405,219
T-14,7/25/18,12:59:51 PM,0.018448,0,0.025841,5.41,406,237
T-15,7/25/18,10:09:41 AM,876.92,807.98,924.47,5.44,1XS ,139
T-15,7/25/18,10:10:14 AM,329.63,325.73,335.03,5.44,101,27
T-15,7/25/18,10:10:42 AM,55.038,54.861,55.35,5.44,102,37
T-15,7/25/18,10:11:07 AM,9.3915,9.4061,9.5449,5.44,103,57
T-15,7/25/18,10:11:31 AM,1.5729,1.5663,1.5862,5.44,104,46
T-15,7/25/18,10:11:52 AM,0.26565,0.23819,0.30186,5.44,105,194
T-15,7/25/18,10:12:15 AM,0.045214,0.03854,0.048897,5.44,106,92
T-15,7/25/18,10:30:20 AM,1069.6,1036.2,1092.4,5.44,2XS ,91
T-15,7/25/18,10:30:51 AM,458.43,451.99,474.3,5.44,201,43
T-15,7/25/18,10:31:24 AM,62.149,61.141,63.392,5.44,202,36
T-15,7/25/18,10:31:55 AM,11.227,11.235,11.64,5.44,203,22
T-15,7/25/18,10:32:14 AM,1.9294,1.8858,1.9815,5.44,204,63
T-15,7/25/18,10:32:30 AM,0.32748,0.30584,0.33192,5.44,205,191
T-15,7/25/18,10:32:54 AM,0.08276,0.078388,0.086059,5.44,206,111
T-15,7/25/18,10:52:46 AM,933.22,915.45,974.84,5.44,4XS ,130
T-15,7/25/18,10:53:39 AM,355.71,343.39,363.42,5.44,401,48
T-15,7/25/18,10:54:01 AM,53.581,53.666,55.126,5.44,402,47
T-15,7/25/18,10:54:27 AM,10.586,10.326,10.802,5.43,403,34
T-15,7/25/18,10:54:44 AM,1.6702,1.6567,1.6936,5.43,404,58
T-15,7/25/18,10:55:01 AM,0.28308,0.28856,0.30467,5.43,405,203
T-15,7/25/18,10:55:17 AM,0.043731,0.040394,0.047298,5.43,406,99
T-15,7/25/18,11:13:14 AM,1244.1,1216.2,1284.9,5.44,3XS ,95
T-15,7/25/18,11:13:36 AM,536.75,524.76,547.25,5.44,301,52
T-15,7/25/18,11:14:00 AM,101.77,101.36,102.13,5.44,302,8
T-15,7/25/18,11:14:24 AM,19.441,18.93,20.2,5.43,303,26
T-15,7/25/18,11:14:44 AM,3.8365,3.8576,3.8797,5.43,304,75
T-15,7/25/18,11:15:19 AM,0.77708,0.76646,0.78218,5.43,305,222
T-15,7/25/18,11:15:40 AM,0.16153,0.15332,0.16445,5.43,306,185
T-15,7/25/18,11:16:05 AM,0.067329,0.007953,0.15064,5.43,307,95
T-16,6/25/18,10:06:50 AM,7.5823,4.1301,11.758,5.71,3XS ,110
T-16,6/25/18,10:07:23 AM,0.044003,0.029542,0.085735,5.7,301,75
T-16,6/25/18,10:08:10 AM,0.0018057,0,0.0084457,5.7,302,56
T-16,6/25/18,10:09:10 AM,0,0,0,5.7,303,236
T-16,6/25/18,10:39:13 AM,5.0572,3.6798,8.9843,5.69,1XS ,141
T-16,6/25/18,10:39:58 AM,0.027235,0.028385,0.038742,5.69,101,97
T-16,6/25/18,10:40:31 AM,0.002878,0.0015355,0.0034533,5.68,102,219
T-16,6/25/18,10:41:03 AM,0.00061444,0,0.009974,5.68,103,113
T-16,6/25/18,11:11:15 AM,3.928,3.9207,5.4213,5.69,2XS ,109
T-16,6/25/18,11:11:44 AM,0.01158,0.0056349,0.020978,5.68,201,129
T-16,6/25/18,11:12:03 AM,0.0049298,0,0.013114,5.68,202,6
T-16,6/25/18,11:12:23 AM,0.0023837,0,0.0069774,5.68,203,73
T-16,6/25/18,11:57:30 AM,2.6617,1.8859,4.153,5.69,5XS ,127
T-16,6/25/18,11:58:22 AM,0.0055498,0.00025649,0.0054347,5.68,501,40
T-16,6/25/18,11:58:55 AM,0.0021609,0,0.010805,5.68,502,17
T-16,6/25/18,11:59:34 AM,0.0070073,6.47E-05,0.019051,5.68,503,37
T-16,6/25/18,12:20:03 PM,3.0128,1.5309,2.648,5.62,4XS ,96
T-16,6/25/18,12:20:22 PM,0.003069,0,0.064121,5.62,401,245
T-16,6/25/18,12:20:44 PM,0.001867,0,0.017517,5.62,402,7
T-16,6/25/18,12:21:08 PM,0.010523,0,0.029983,5.62,403,218
T-18,8/15/18,12:01:52 PM,834.62,843.53,870.14,5.24,2XS ,110
T-18,8/15/18,12:02:18 PM,385.21,370.46,390.28,5.25,201,37
T-18,8/15/18,12:02:41 PM,85.276,83.312,88.267,5.25,202,51
T-18,8/15/18,12:03:13 PM,21.708,21.299,21.52,5.25,203,30
T-18,8/15/18,12:03:34 PM,5.8073,5.5594,5.7861,5.25,204,63
T-18,8/15/18,12:03:52 PM,1.3907,1.3777,1.3885,5.25,205,58
T-18,8/15/18,12:04:13 PM,0.38872,0.39654,0.40594,5.25,206,210
T-18,8/15/18,12:04:35 PM,0.083973,0.073578,0.095825,5.25,207,117
T-18,8/15/18,12:27:05 PM,938.87,928.13,948.65,5.24,4XS ,142
T-18,8/15/18,12:27:31 PM,422.77,416.56,428.36,5.25,401,47
T-18,8/15/18,12:28:01 PM,87.929,87.759,91.309,5.25,402,74
T-18,8/15/18,12:28:26 PM,19.003,18.675,18.976,5.25,403,63
T-18,8/15/18,12:28:46 PM,4.2038,4.1408,4.2436,5.25,404,50
T-18,8/15/18,12:29:13 PM,0.92984,0.91572,0.94066,5.25,405,220
T-18,8/15/18,12:29:33 PM,0.21601,0.21456,0.28513,5.25,406,191
T-18,8/15/18,12:29:53 PM,0.046286,0.036582,0.052308,5.24,407,104
T-18,8/15/18,1:06:36 PM,1033.6,1020.7,1065.2,5.24,3XS ,90
T-18,8/15/18,1:07:01 PM,473.9,440.52,486.68,5.25,301,45
T-18,8/15/18,1:07:27 PM,111.01,97.844,111.03,5.25,302,28
T-18,8/15/18,1:07:49 PM,24.549,24.272,26.59,5.25,303,57
T-18,8/15/18,1:08:07 PM,5.4988,5.2238,5.5991,5.25,304,74
T-18,8/15/18,1:08:25 PM,1.3374,1.2967,1.3749,5.25,305,61
T-18,8/15/18,1:08:42 PM,0.32247,0.28178,0.32972,5.25,306,207
T-18,8/15/18,1:09:03 PM,0.068939,0.063722,0.083667,5.25,307,114
T-18,8/15/18,1:38:29 PM,726.41,707.77,745.24,5.22,1XS ,125
T-18,8/15/18,1:39:06 PM,288.84,273.56,291.9,5.24,101,56
T-18,8/15/18,1:39:23 PM,99.06,93.711,203.98,5.25,102,52
T-18,8/15/18,1:39:48 PM,23.373,23.348,23.853,5.25,103,54
T-18,8/15/18,1:40:13 PM,2.7209,2.2451,2.4342,5.25,104,31
T-18,8/15/18,1:40:33 PM,0.45864,0.47037,0.5655,5.24,105,199
T-18,8/15/18,1:40:56 PM,0.081251,0.067442,0.097168,5.25,106,99
T-19,8/15/18,9:55:33 AM,298.7,295.37,308.35,5.25,1XS ,129
T-19,8/15/18,9:55:57 AM,118.21,114.53,130.34,5.25,101,30
T-19,8/15/18,9:56:20 AM,28.366,27.839,28.417,5.25,102,62
T-19,8/15/18,9:56:41 AM,6.536,6.4095,6.5543,5.25,103,59
T-19,8/15/18,9:57:11 AM,1.7526,1.7932,1.8753,5.26,104,61
T-19,8/15/18,9:57:35 AM,0.44639,0.41156,0.46104,5.26,105,206
T-19,8/15/18,9:58:16 AM,0.093387,0.070373,0.10432,5.26,106,52
T-19,8/15/18,10:24:09 AM,726.93,712.88,740.63,5.24,2XS ,122
T-19,8/15/18,10:24:33 AM,375.84,372.62,378.96,5.25,201,55
T-19,8/15/18,10:24:57 AM,97.82,95.402,99.254,5.25,202,59
T-19,8/15/18,10:25:18 AM,20.332,20.085,20.625,5.25,203,25
T-19,8/15/18,10:25:39 AM,5.7979,5.7773,5.8611,5.25,204,78
T-19,8/15/18,10:25:58 AM,1.5757,1.4936,1.5962,5.25,205,66
T-19,8/15/18,10:26:30 AM,0.50054,0.47714,0.49594,5.25,206,201
T-19,8/15/18,10:26:48 AM,0.21302,0.19292,0.219,5.25,207,188
T-19,8/15/18,10:27:06 AM,0.070293,0,0.12886,5.25,208,189
T-19,8/15/18,10:54:11 AM,788.1,768.95,804.56,5.25,3XS ,129
T-19,8/15/18,10:54:46 AM,352.09,349.28,361.97,5.25,301,55
T-19,8/15/18,10:55:23 AM,74.892,73.856,76.649,5.25,302,75
T-19,8/15/18,10:55:58 AM,19.792,19.434,20.106,5.25,303,53
T-19,8/15/18,10:56:32 AM,5.4949,5.4922,5.6999,5.25,304,83
T-19,8/15/18,10:56:55 AM,0.93639,0.9184,0.95848,5.25,305,230
T-19,8/15/18,10:57:23 AM,0.35336,0.29413,0.3394,5.25,306,192
T-19,8/15/18,10:57:52 AM,0.085283,0.077228,0.098132,5.25,307,103
T-19,8/15/18,11:25:23 AM,783.08,751.93,846.96,5.24,4XS ,133
T-19,8/15/18,11:25:47 AM,361.56,359.23,365.86,5.25,401,55
T-19,8/15/18,11:26:08 AM,62.896,62.146,63.815,5.25,402,58
T-19,8/15/18,11:26:29 AM,11.42,11.302,11.468,5.25,403,26
T-19,8/15/18,11:26:50 AM,2.4341,2.3618,2.4289,5.25,404,47
T-19,8/15/18,11:27:08 AM,0.53567,0.52412,0.55596,5.25,405,209
T-19,8/15/18,11:27:27 AM,0.14948,0.116,0.18255,5.25,406,198
T-19,8/15/18,11:27:43 AM,0.028699,0,0.03756,5.25,407,246
T-20,8/2/18,12:07:55 PM,1265.1,1247.1,1290.6,5.35,1XS ,98
T-20,8/2/18,12:08:35 PM,708.75,696.57,703.61,5.35,101,55
T-20,8/2/18,12:08:56 PM,249.37,231.17,238.1,5.35,102,37
T-20,8/2/18,12:09:18 PM,63.708,61.966,64.591,5.35,103,63
T-20,8/2/18,12:09:55 PM,17.255,17.27,18.328,5.35,104,50
T-20,8/2/18,12:10:13 PM,5.1374,4.9709,5.2308,5.34,105,45
T-20,8/2/18,12:10:39 PM,0.78243,0.77349,0.91081,5.35,106,208
T-20,8/2/18,12:11:03 PM,0.34488,0.30572,0.35367,5.34,107,188
T-20,8/2/18,12:11:46 PM,0.065186,0,0.22862,5.34,108,177
T-20,8/2/18,12:32:08 PM,350.13,344.56,354.47,5.35,2XS ,103
T-20,8/2/18,12:32:32 PM,218.45,216.36,219.99,5.35,201,39
T-20,8/2/18,12:32:55 PM,67.174,67.305,72.494,5.35,202,52
T-20,8/2/18,12:33:13 PM,19.134,18.94,19.143,5.35,203,35
T-20,8/2/18,12:33:34 PM,6.024,5.5356,6.151,5.34,204,31
T-20,8/2/18,12:34:03 PM,0.73547,0.72216,0.80674,5.34,205,196
T-20,8/2/18,12:34:27 PM,0.23664,0.21355,0.27012,5.34,206,185
T-20,8/2/18,12:34:43 PM,0.045046,0.015243,0.068176,5.34,207,87
T-20,8/2/18,1:00:21 PM,1176,1129.2,1248.6,5.33,4XS ,90
T-20,8/2/18,1:00:46 PM,600.25,582.44,608.85,5.34,401,38
T-20,8/2/18,1:01:03 PM,182.45,167.09,183.36,5.33,402,35
T-20,8/2/18,1:01:21 PM,54.625,51.155,56.019,5.33,403,34
T-20,8/2/18,1:01:38 PM,15.288,15.286,15.995,5.33,404,60
T-20,8/2/18,1:01:59 PM,2.8101,3.122,3.6503,5.33,405,28
T-20,8/2/18,1:02:16 PM,0.63637,0.53173,0.64431,5.33,406,193
T-20,8/2/18,1:02:41 PM,0.12292,0.10443,0.13243,5.33,407,174
T-20,8/2/18,1:02:56 PM,0.026606,0,0.071829,5.33,408,236
T-20,8/2/18,1:30:48 PM,835.8,824.06,870.81,5.33,3XS ,117
T-20,8/2/18,1:31:17 PM,520.77,507.98,538.7,5.33,301,47
T-20,8/2/18,1:31:35 PM,214.3,206.69,225.98,5.33,302,36
T-20,8/2/18,1:31:51 PM,92.211,85.153,96.274,5.33,303,43
T-20,8/2/18,1:32:08 PM,21.667,21.28,22.467,5.33,304,39
T-20,8/2/18,1:32:23 PM,4.7098,4.3053,6.7304,5.33,305,46
T-20,8/2/18,1:32:52 PM,0.76434,0.78593,0.90138,5.32,306,209
T-20,8/2/18,1:33:15 PM,0.12593,0.11871,0.13808,5.32,307,193
T-20,8/2/18,1:33:34 PM,0.040736,0.029536,0.055426,5.32,308,94
T-21,7/23/18,12:22:44 PM,906.9,854.33,925.98,5.46,1XS ,130
T-21,7/23/18,12:23:28 PM,446.98,428.76,463.99,5.46,101,72
T-21,7/23/18,12:24:06 PM,239.1,234.59,241.88,5.45,102,43
T-21,7/23/18,12:24:36 PM,67.457,66.173,68.229,5.45,103,68
T-21,7/23/18,12:24:55 PM,18.225,18.032,18.389,5.45,104,54
T-21,7/23/18,12:25:12 PM,5.3242,5.2779,6.8607,5.45,105,54
T-21,7/23/18,12:25:43 PM,0.5049,0.48676,0.51898,5.45,106,212
T-21,7/23/18,12:26:06 PM,0.14753,0.13446,0.14654,5.45,107,193
T-21,7/23/18,12:26:27 PM,0.052641,0.039139,0.12602,5.44,108,34
T-21,7/23/18,12:52:12 PM,1019,1002.9,1046.6,5.46,2XS ,88
T-21,7/23/18,12:52:48 PM,352.36,329.4,342.23,5.45,201,35
T-21,7/23/18,12:53:07 PM,98.035,93.302,98.555,5.45,202,57
T-21,7/23/18,12:53:24 PM,27.394,26.434,38.935,5.45,203,57
T-21,7/23/18,12:53:46 PM,7.1842,6.9762,7.312,5.45,204,57
T-21,7/23/18,12:54:10 PM,1.2758,1.27,1.285,5.45,205,36
T-21,7/23/18,12:54:31 PM,0.31872,0.31208,0.32186,5.45,206,192
T-21,7/23/18,12:54:54 PM,0.17994,0.13909,0.17515,5.44,207,215
T-21,7/23/18,12:55:18 PM,0.071702,0.06334,0.069094,5.44,208,97
T-21,7/23/18,1:59:40 PM,1561.3,1552.9,1576.9,5.45,4XS ,124
T-21,7/23/18,2:00:30 PM,653.31,652.15,657.96,5.45,401,43
T-21,7/23/18,2:00:56 PM,144.16,144.27,147.27,5.45,402,39
T-21,7/23/18,2:01:16 PM,37.007,37.035,37.652,5.45,403,42
T-21,7/23/18,2:01:37 PM,7.1066,7.1553,7.288,5.45,404,56
T-21,7/23/18,2:01:56 PM,1.6646,1.5906,1.656,5.45,405,56
T-21,7/23/18,2:02:15 PM,0.4283,0.4169,0.466,5.44,406,189
T-21,7/23/18,2:02:31 PM,0.093292,0.033917,0.093561,5.44,407,97
T-21,7/23/18,1:34:25 PM,1148.7,1114.5,1176.2,5.45,3XS ,104
T-21,7/23/18,1:34:44 PM,639.86,631.45,646.13,5.45,301,53
T-21,7/23/18,1:35:05 PM,174.75,173.84,174.98,5.45,302,59
T-21,7/23/18,1:35:23 PM,50.061,49.112,53.035,5.45,303,31
T-21,7/23/18,1:35:45 PM,13.829,13.792,13.896,5.45,304,65
T-21,7/23/18,1:36:04 PM,3.8667,3.8484,3.8802,5.45,305,70
T-21,7/23/18,1:36:22 PM,1.0936,1.0719,1.0938,5.45,306,53
T-21,7/23/18,1:36:38 PM,0.3068,0.2511,0.52209,5.44,307,192
T-21,7/23/18,1:36:58 PM,0.084098,0.081374,0.088662,5.44,308,123
T-22,8/2/18,9:58:00 AM,225.79,225.91,228.4,5.36,1XS ,113
T-22,8/2/18,9:58:30 AM,119.71,112.91,122.03,5.36,101,26
T-22,8/2/18,9:58:52 AM,40.215,40.045,40.644,5.36,102,35
T-22,8/2/18,9:59:17 AM,10.994,10.728,11.355,5.36,103,53
T-22,8/2/18,9:59:39 AM,3.9561,3.9012,3.9564,5.36,104,70
T-22,8/2/18,10:00:03 AM,1.1794,1.105,1.2095,5.36,105,22
T-22,8/2/18,10:00:24 AM,0.33473,0.32265,0.36178,5.36,106,189
T-22,8/2/18,10:00:52 AM,0.082882,0.069879,0.093661,5.36,107,102
T-22,8/2/18,10:36:38 AM,280.39,270.17,282.82,5.36,2XS ,114
T-22,8/2/18,10:37:31 AM,147.56,147.19,147.97,5.36,201,50
T-22,8/2/18,10:38:11 AM,49.741,48.53,51.057,5.36,202,43
T-22,8/2/18,10:38:48 AM,11.748,11.067,11.626,5.36,203,46
T-22,8/2/18,10:39:10 AM,3.632,2.9859,3.5192,5.36,204,54
T-22,8/2/18,10:39:38 AM,1.0655,0.95318,1.1007,5.36,205,91
T-22,8/2/18,10:40:41 AM,0.10293,0.098018,0.10876,5.36,206,237
T-22,8/2/18,10:40:59 AM,0.05268,0,0.062346,5.36,207,228
T-22,8/2/18,11:06:42 AM,316.52,313.11,322.77,5.36,3XS ,93
T-22,8/2/18,11:07:11 AM,180.55,175.98,178.42,5.36,301,43
T-22,8/2/18,11:07:29 AM,66.615,63.261,68.921,5.36,302,52
T-22,8/2/18,11:07:47 AM,23.105,22.723,33.987,5.36,303,44
T-22,8/2/18,11:08:08 AM,6.2585,6.1995,6.3499,5.36,304,75
T-22,8/2/18,11:08:34 AM,1.7182,1.5652,1.7912,5.36,305,48
T-22,8/2/18,11:08:56 AM,0.61318,0.59001,0.61494,5.36,306,199
T-22,8/2/18,11:09:25 AM,0.10018,0.089445,0.099609,5.35,307,53
T-22,8/2/18,11:27:21 AM,318.64,314.01,342.49,5.35,4XS ,99
T-22,8/2/18,11:27:47 AM,151.36,149.49,153.53,5.36,401,44
T-22,8/2/18,11:28:06 AM,47.909,48.02,48.693,5.35,402,55
T-22,8/2/18,11:28:32 AM,12.574,12.4,12.877,5.36,403,36
T-22,8/2/18,11:28:50 AM,5.0142,4.4162,5.07,5.35,404,28
T-22,8/2/18,11:29:20 AM,1.0393,1.0513,1.1064,5.35,405,26
T-22,8/2/18,11:29:45 AM,0.23077,0.23069,0.2397,5.35,406,202
T-22,8/2/18,11:30:00 AM,0.060422,0.023944,0.14228,5.35,407,21
T-23,7/23/18,10:07:13 AM,487.24,479.67,493.81,5.47,1XS ,130
T-23,7/23/18,10:08:01 AM,212.89,211.25,215.12,5.47,101,225
T-23,7/23/18,10:09:04 AM,53.265,52.71,53.835,5.47,102,250
T-23,7/23/18,10:09:47 AM,15.531,15.176,15.559,5.47,103,5
T-23,7/23/18,10:10:17 AM,4.5999,4.4832,4.5942,5.47,104,10
T-23,7/23/18,10:10:50 AM,1.4183,1.4052,1.4256,5.47,105,232
T-23,7/23/18,10:11:24 AM,0.40848,0.4066,0.41561,5.47,106,136
T-23,7/23/18,10:11:56 AM,0.11581,0.11393,0.11835,5.47,107,138
T-23,7/23/18,10:12:24 AM,0.032004,0.030125,0.033193,5.47,108,14
T-23,7/23/18,10:40:37 AM,335.18,333.19,338.58,5.47,2XS ,117
T-23,7/23/18,10:41:21 AM,166.1,167.65,168.81,5.47,201,37
T-23,7/23/18,10:41:48 AM,46.967,46.836,47.213,5.47,202,62
T-23,7/23/18,10:42:24 AM,13.011,12.883,13.031,5.47,203,21
T-23,7/23/18,10:42:54 AM,3.9552,3.8614,3.9626,5.47,204,64
T-23,7/23/18,10:43:16 AM,1.1951,1.1799,1.26,5.47,205,47
T-23,7/23/18,10:43:41 AM,0.33121,0.32818,0.33623,5.47,206,179
T-23,7/23/18,10:44:06 AM,0.09996,0.097467,0.099768,5.47,207,128
T-23,7/23/18,11:07:09 AM,292.27,289.75,296.64,5.47,3XS ,135
T-23,7/23/18,11:07:43 AM,161.08,156.89,160.66,5.47,301,45
T-23,7/23/18,11:08:09 AM,48.581,48.024,48.97,5.47,302,60
T-23,7/23/18,11:08:36 AM,14.356,14.324,14.535,5.47,303,42
T-23,7/23/18,11:08:53 AM,4.5274,4.0804,4.3955,5.47,304,57
T-23,7/23/18,11:09:18 AM,1.6044,1.484,1.5972,5.46,305,53
T-23,7/23/18,11:09:36 AM,0.4632,0.46044,0.46792,5.46,306,205
T-23,7/23/18,11:09:58 AM,0.13805,0.13077,0.13729,5.46,307,208
T-23,7/23/18,11:10:16 AM,0.03798,0.032764,0.042928,5.46,308,93
T-23,7/23/18,11:33:59 AM,355.49,352.08,356.72,5.47,4XS ,127
T-23,7/23/18,11:34:23 AM,169.01,168.78,171.12,5.46,401,38
T-23,7/23/18,11:34:48 AM,49.57,49.43,49.732,5.46,402,59
T-23,7/23/18,11:35:18 AM,14.978,14.906,15.019,5.46,403,55
T-23,7/23/18,11:35:58 AM,3.9313,3.9348,3.9546,5.46,404,71
T-23,7/23/18,11:36:20 AM,1.1535,1.1461,1.1635,5.45,405,34
T-23,7/23/18,11:36:42 AM,0.35248,0.35363,0.36571,5.45,406,205
T-23,7/23/18,11:37:14 AM,0.059314,0.059813,0.063073,5.45,407,91
T-2,7/2/19,9:21:53 AM,74.542,71.995,81.629,6.28,1XS ,131
T-2,7/2/19,9:22:18 AM,16.508,16.209,16.914,6.27,101,41
T-2,7/2/19,9:22:38 AM,1.3992,1.3622,1.4232,6.27,102,37
T-2,7/2/19,9:23:04 AM,0.12115,0.11256,0.13193,6.26,103,169
T-2,7/2/19,9:23:27 AM,0.016401,0.010337,0.032584,6.26,104,71
T-2,7/2/19,9:43:09 AM,56.376,53.075,60.369,6.26,2XS ,128
T-2,7/2/19,9:43:44 AM,11.056,10.742,11.789,6.25,201,36
T-2,7/2/19,9:44:10 AM,0.53141,0.41875,0.57622,6.24,202,185
T-2,7/2/19,9:44:42 AM,0.024712,0.0098674,0.027895,6.24,203,149
T-2,7/2/19,9:45:00 AM,0.0094071,0.0014288,0.013511,6.24,204,169
T-2,7/2/19,10:16:01 AM,343,302.9,403.99,6.24,3XS ,89
T-2,7/2/19,10:16:41 AM,57.542,48.502,65.475,6.24,301,42
T-2,7/2/19,10:17:12 AM,1.9844,1.9351,2.1562,6.23,302,35
T-2,7/2/19,10:17:36 AM,0.1558,0.13501,0.16531,6.22,303,172
T-2,7/2/19,10:17:50 AM,0.014418,0.0026813,0.16397,6.22,304,77
T-2,7/2/19,10:55:22 AM,304.79,288.34,339.18,6.22,5XS ,118
T-2,7/2/19,10:55:54 AM,41.833,45.141,55.904,6.21,501,35
T-2,7/2/19,10:56:25 AM,1.258,1.1755,1.4056,6.2,502,31
T-2,7/2/19,10:56:45 AM,0.03662,0.030751,0.042258,6.2,503,71
T-2,7/2/19,11:21:09 AM,337.12,326.25,373.5,6.2,4XS ,94
T-2,7/2/19,11:21:39 AM,57.874,54.183,66.53,6.2,401,45
T-2,7/2/19,11:22:06 AM,1.9138,1.7286,2.1158,6.19,402,43
T-2,7/2/19,11:22:28 AM,0.070964,0.063139,0.080975,6.18,403,95
T-2,8/6/19,12:32:05 PM,1289.1,1238.1,1329.9,5,1XS ,100
T-2,8/6/19,12:32:37 PM,771.84,777.52,798.17,4.98,101,108
T-2,8/6/19,12:33:19 PM,313.85,311.55,317.77,4.97,102,53
T-2,8/6/19,12:33:47 PM,99.182,97.866,101.63,4.97,103,74
T-2,8/6/19,12:34:16 PM,32.576,32.417,32.652,4.96,104,55
T-2,8/6/19,12:34:51 PM,25.096,23.75,25.306,4.96,1XB  ,140
T-2,8/6/19,12:47:31 PM,1369.7,1339.5,1490.5,4.98,2XS ,128
T-2,8/6/19,12:47:56 PM,892.93,946.32,1383.1,4.97,201,67
T-2,8/6/19,12:48:21 PM,316.34,313.84,321.95,4.97,202,48
T-2,8/6/19,12:48:48 PM,92.758,91.155,93.737,4.96,203,85
T-2,8/6/19,12:49:10 PM,39.817,39.591,40.438,4.96,204,71
T-2,8/6/19,12:49:31 PM,13.175,13.056,13.271,4.96,205,49
T-2,8/6/19,12:49:54 PM,4.549,4.4636,4.5837,4.95,206,82
T-2,8/6/19,12:50:16 PM,2.9077,1.9611,2.9277,4.95,2XB ,124
T-2,8/6/19,12:58:42 PM,1523.2,1435.6,1592.2,4.98,3XS ,119
T-2,8/6/19,12:59:14 PM,937.09,892.52,974.06,4.97,301,75
T-2,8/6/19,12:59:36 PM,350.86,344.91,353.35,4.96,302,63
T-2,8/6/19,12:59:56 PM,113.76,112.37,114.52,4.96,303,51
T-2,8/6/19,1:00:09 PM,41.652,44.633,116.11,4.95,304,41
T-2,8/6/19,1:00:31 PM,13.602,13.513,13.668,4.95,305,40
T-2,8/6/19,1:00:50 PM,4.9002,4.8635,4.9313,4.94,306,55
T-2,8/6/19,1:01:08 PM,2.9931,2.4106,3.0484,4.94,3XB ,108
T-2,8/6/19,1:18:28 PM,251.43,248.3,257.06,5.01,4XS ,106
T-2,8/6/19,1:19:09 PM,194.47,189.53,199.54,4.98,401,76
T-2,8/6/19,1:19:29 PM,106.82,104.31,109.45,4.97,402,46
T-2,8/6/19,1:19:47 PM,49.25,48.099,50.026,4.97,403,67
T-2,8/6/19,1:20:02 PM,20.762,20.303,21.173,4.97,404,29
T-2,8/6/19,1:20:23 PM,7.7743,7.7769,7.9608,4.96,405,89
T-2,8/6/19,1:20:42 PM,3.2195,3.16,3.2814,4.96,406,47
T-2,8/6/19,1:21:01 PM,3.0291,2.1577,3.0821,4.96,4XB ,100
T-2,8/6/19,1:30:46 PM,1495.1,1445.1,1542.3,5,5XS ,98
T-2,8/6/19,1:31:17 PM,946.29,870.81,986.18,4.97,501,76
T-2,8/6/19,1:31:33 PM,276.48,269.42,304.46,4.96,502,57
T-2,8/6/19,1:31:52 PM,81.224,79.916,83.655,4.96,503,70
T-2,8/6/19,1:32:07 PM,23.715,23.142,24.525,4.96,504,46
T-2,8/6/19,1:32:25 PM,21.567,11.819,20.504,4.95,5XB ,104
T-7,7/2/19,1:11:59 PM,256.72,243.74,285.05,6.16,1XS ,113
T-7,7/2/19,1:12:27 PM,95.145,90.184,100.56,6.16,101,34
T-7,7/2/19,1:12:59 PM,5.5644,5.054,5.642,6.15,102,38
T-7,7/2/19,1:13:33 PM,0.44463,0.35299,0.48513,6.15,103,194
T-7,7/2/19,1:13:55 PM,0.046755,0.037512,0.044416,6.14,104,82
T-7,7/2/19,1:37:52 PM,333.16,348.23,472.69,6.15,2XS ,115
T-7,7/2/19,1:38:25 PM,65.576,63.942,72.298,6.14,201,61
T-7,7/2/19,1:39:03 PM,4.9542,4.3802,5.5368,6.13,202,48
T-7,7/2/19,1:39:29 PM,0.33848,0.33591,0.38826,6.13,203,209
T-7,7/2/19,1:40:00 PM,0.035999,0.022344,0.036344,6.13,204,77
T-7,7/2/19,2:05:38 PM,104.12,98.663,110.73,6.14,3XS ,103
T-7,7/2/19,2:06:03 PM,15.714,15.389,16.135,6.13,301,31
T-7,7/2/19,2:06:24 PM,0.6029,0.58242,0.61291,6.13,302,178
T-7,7/2/19,2:06:44 PM,0.03442,0.032387,0.040634,6.13,303,67
T-7,7/2/19,2:29:40 PM,38.368,30.346,42.97,6.13,4XS ,116
T-7,7/2/19,2:30:07 PM,5.9215,5.8667,9.0888,6.12,401,59
T-7,7/2/19,2:30:23 PM,0.2361,0.14558,0.60932,6.11,402,171
T-7,7/2/19,2:30:37 PM,0.0052259,0,0.044509,6.12,403,10
T-7,7/2/19,2:52:30 PM,63.297,60.093,69.571,6.12,5XS ,118
T-7,7/2/19,2:52:50 PM,17.418,15.175,17.675,6.12,501,40
T-7,7/2/19,2:53:06 PM,0.53041,0.48833,0.65864,6.11,502,190
T-7,7/2/19,2:53:33 PM,0.03047,0.00062807,0.32608,6.1,503,117
T-7,8/6/19,9:35:59 AM,744.65,702.27,763.1,4.91,1XS ,128
T-7,8/6/19,9:36:22 AM,414.31,393.79,433.83,4.9,101,50
T-7,8/6/19,9:36:43 AM,146.31,142.27,147.71,4.91,102,43
T-7,8/6/19,9:37:01 AM,52.942,51.799,53.191,4.91,103,62
T-7,8/6/19,9:37:19 AM,19.699,19.709,19.924,4.91,104,87
T-7,8/6/19,9:37:39 AM,7.7079,7.4535,7.5736,4.91,105,88
T-7,8/6/19,9:38:05 AM,3.0347,2.9861,3.0628,4.9,106,65
T-7,8/6/19,9:38:52 AM,1.305,1.3061,1.312,4.9,107XB ,190
T-7,8/6/19,9:50:34 AM,887.59,852.08,924.06,4.96,2XS ,146
T-7,8/6/19,9:51:34 AM,504.75,507.97,523.25,4.93,201,58
T-7,8/6/19,9:52:47 AM,181.81,178.81,184.35,4.92,202,67
T-7,8/6/19,9:53:27 AM,61.463,61.268,61.857,4.91,203,65
T-7,8/6/19,9:54:14 AM,21.276,21.226,21.42,4.91,204,36
T-7,8/6/19,9:55:07 AM,7.9643,7.8879,7.9796,4.89,205,117
T-7,8/6/19,9:55:41 AM,3.2249,3.2201,3.228,4.89,206,55
T-7,8/6/19,9:56:16 AM,1.2088,1.208,1.2103,4.89,207,56
T-7,8/6/19,9:56:50 AM,0.5025,0.49739,0.50353,4.89,208,216
T-7,8/6/19,10:07:56 AM,894.13,819.07,946.99,4.95,3XS ,151
T-7,8/6/19,10:09:21 AM,562.52,537.11,585.75,4.92,301,53
T-7,8/6/19,10:10:06 AM,189.56,187.13,191.43,4.92,302,43
T-7,8/6/19,10:10:48 AM,61.212,60.156,61.31,4.91,303,26
T-7,8/6/19,10:11:29 AM,26.609,26.285,26.505,4.9,304,52
T-7,8/6/19,10:12:12 AM,12.369,12.309,12.401,4.9,305,29
T-7,8/6/19,10:12:58 AM,4.7077,4.7031,4.9173,4.89,306,71
T-7,8/6/19,10:13:49 AM,1.8272,1.8463,1.8866,4.89,307,75
T-7,8/6/19,10:14:26 AM,0.59229,0.58956,0.59608,4.89,308,236
T-7,8/6/19,10:25:48 AM,841.32,778.6,996.92,4.95,4XS ,144
T-7,8/6/19,10:26:28 AM,479.75,456.49,507.96,4.92,401,75
T-7,8/6/19,10:27:27 AM,120.8,119.42,122.33,4.92,402,31
T-7,8/6/19,10:27:54 AM,62.149,60.808,63.125,4.92,403,57
T-7,8/6/19,10:28:40 AM,20.991,20.4,21.6,4.91,404,31
T-7,8/6/19,10:29:12 AM,7.2039,7.2081,7.4147,4.9,405,50
T-7,8/6/19,10:29:49 AM,2.8288,2.7981,2.8727,4.9,406,83
T-7,8/6/19,10:30:10 AM,1.2126,1.1956,1.2339,4.89,407,45
T-7,8/6/19,10:30:43 AM,0.54703,0.52548,0.55156,4.88,408,211
T-7,8/6/19,10:47:14 AM,1098,1068.6,1120.3,4.95,5XS ,109
T-7,8/6/19,10:47:50 AM,718.73,688.9,745.27,4.94,501,73
T-7,8/6/19,10:48:59 AM,235.93,232.78,241.39,4.91,502,66
T-7,8/6/19,10:49:47 AM,76.032,72.64,75.635,4.9,503,59
T-7,8/6/19,10:50:13 AM,28.881,28.623,28.941,4.91,504,57
T-7,8/6/19,10:50:36 AM,10.745,10.67,10.895,4.9,505,46
T-7,8/6/19,10:51:07 AM,4.3103,4.2989,4.345,4.9,506,54
T-7,8/6/19,10:51:32 AM,1.4132,1.4164,1.4325,4.89,5XB ,97
T-9,8/21/19,9:09:37 AM,128.02,122.22,132.2,5.9,1XS ,93
T-9,8/21/19,9:10:16 AM,74.651,71.434,77.694,5.9,101,56
T-9,8/21/19,9:11:13 AM,21.94,21.251,22.443,5.9,102,26
T-9,8/21/19,9:11:54 AM,8.0881,8.0222,8.146,5.89,103,58
T-9,8/21/19,9:12:08 AM,3.4568,3.2621,3.4717,5.89,104,56
T-9,8/21/19,9:12:26 AM,1.1974,1.1824,1.2163,5.89,105,48
T-9,8/21/19,9:12:43 AM,0.41592,0.40756,0.42348,5.89,106,207
T-9,8/21/19,9:13:33 AM,0.13362,0.13561,0.15287,5.89,107,201
T-9,8/21/19,9:13:57 AM,0.071978,0.040103,0.095145,5.89,1XB ,158
T-9,8/21/19,9:26:32 AM,136.01,128.87,143.6,5.9,2XS ,107
T-9,8/21/19,9:27:05 AM,76.229,71.651,78.273,5.89,201,67
T-9,8/21/19,9:27:23 AM,29.101,29.087,31.432,5.89,202,49
T-9,8/21/19,9:27:40 AM,9.9076,9.4769,10.239,5.89,203,79
T-9,8/21/19,9:27:55 AM,3.2506,3.176,3.3222,5.89,204,52
T-9,8/21/19,9:28:08 AM,1.2926,1.1328,1.5244,5.89,205,60
T-9,8/21/19,9:28:22 AM,0.45874,0.44524,0.46346,5.89,206,221
T-9,8/21/19,9:28:42 AM,0.24855,0.21107,0.25001,5.89,207,199
T-9,8/21/19,9:28:59 AM,0.090288,0.087373,0.096003,5.88,208,127
T-9,8/21/19,9:37:02 AM,81.773,77.985,87.471,5.89,3XS ,153
T-9,8/21/19,9:37:32 AM,46.591,43.639,50.607,5.89,301,63
T-9,8/21/19,9:37:54 AM,28.693,26.969,29.418,5.89,302,86
T-9,8/21/19,9:38:12 AM,9.1498,8.7426,9.9246,5.88,303,87
T-9,8/21/19,9:39:00 AM,4.4682,4.1912,4.5613,5.88,304,62
T-9,8/21/19,9:39:24 AM,0.99303,0.95732,1.0576,5.88,305,176
T-9,8/21/19,9:39:47 AM,0.36409,0.35186,0.39309,5.88,306,232
T-9,8/21/19,9:40:02 AM,0.1287,0.11385,0.13552,5.88,307,192
T-9,8/21/19,9:40:26 AM,0.062568,0.052864,0.064755,5.87,308,115
T-9,8/21/19,9:49:49 AM,92.856,87.987,95.29,5.89,4XS ,173
T-9,8/21/19,9:50:48 AM,58.97,53.076,59.802,5.88,401,72
T-9,8/21/19,9:51:24 AM,27.379,26.99,29.236,5.87,402,72
T-9,8/21/19,9:52:26 AM,8.4726,8.1407,9.0563,5.87,403,74
T-9,8/21/19,9:52:56 AM,2.626,2.466,2.9545,5.86,404,60
T-9,8/21/19,9:53:25 AM,1.0061,0.8508,1.1676,5.86,405,99
T-9,8/21/19,9:54:18 AM,0.59035,0.58076,0.63312,5.86,406,216
T-9,8/21/19,9:54:39 AM,0.13904,0.13812,0.14963,5.86,407,214
T-9,8/21/19,9:54:57 AM,0.040117,0.038582,0.042993,5.86,408,115
T-9,8/21/19,10:04:27 AM,73.747,68.098,78.243,5.87,5XS ,141
T-9,8/21/19,10:05:26 AM,33.472,32.546,34.35,5.86,501,41
T-9,8/21/19,10:06:09 AM,17.341,17.251,17.459,5.86,502,51
T-9,8/21/19,10:06:28 AM,6.2021,5.887,6.3333,5.86,503,54
T-9,8/21/19,10:07:04 AM,1.7178,1.649,1.7543,5.85,504,58
T-9,8/21/19,10:07:35 AM,0.49621,0.4837,0.49617,5.85,505,208
T-9,8/21/19,10:08:23 AM,0.068606,0.047587,0.067532,5.85,506,107
T-11,8/21/19,11:01:14 AM,95.254,93.231,97.801,5.87,1XS ,115
T-11,8/21/19,11:01:54 AM,74.549,75.277,76.644,5.86,101,63
T-11,8/21/19,11:02:26 AM,40.763,40.284,41.092,5.86,102,37
T-11,8/21/19,11:02:50 AM,33.656,21.104,38.263,5.86,103,36
T-11,8/21/19,11:03:06 AM,16.839,16.343,16.922,5.86,104,52
T-11,8/21/19,11:03:24 AM,6.3702,6.1562,7.5198,5.86,105,59
T-11,8/21/19,11:03:51 AM,1.616,1.5992,1.6466,5.86,106,57
T-11,8/21/19,11:04:15 AM,0.40323,0.39598,0.41056,5.85,107,194
T-11,8/21/19,11:04:37 AM,0.15514,0.14302,0.15855,5.85,108,189
T-11,8/21/19,11:05:01 AM,0.059978,0.052882,0.065731,5.85,1XB ,156
T-11,8/21/19,11:14:14 AM,107.63,106.72,107.99,5.86,2XS ,110
T-11,8/21/19,11:14:38 AM,75.645,75.069,76.185,5.86,201,66
T-11,8/21/19,11:15:07 AM,44.951,44.973,45.344,5.86,202,56
T-11,8/21/19,11:15:28 AM,23.95,23.839,24.114,5.85,203,47
T-11,8/21/19,11:15:55 AM,10.209,9.7963,10.333,5.85,204,50
T-11,8/21/19,11:16:18 AM,4.4212,4.3786,4.4879,5.85,205,70
T-11,8/21/19,11:16:41 AM,2.0108,1.7795,1.9621,5.85,206,55
T-11,8/21/19,11:17:02 AM,0.711,0.7138,0.73528,5.85,207,194
T-11,8/21/19,11:17:54 AM,0.29686,0.28804,0.30971,5.85,208,217
T-11,8/21/19,11:18:15 AM,0.1218,0.11466,0.15628,5.85,2XB ,246
T-11,8/21/19,11:30:02 AM,111.92,113.17,114.85,5.85,3XS ,92
T-11,8/21/19,11:30:21 AM,90.394,88.625,91.028,5.85,301,49
T-11,8/21/19,11:30:38 AM,41.83,42.756,44.499,5.85,302,55
T-11,8/21/19,11:30:56 AM,21.312,21.52,21.608,5.85,303,24
T-11,8/21/19,11:31:22 AM,7.7023,7.3563,7.5251,5.85,304,48
T-11,8/21/19,11:31:36 AM,7.5704,7.4748,7.6865,5.85,305,78
T-11,8/21/19,11:31:52 AM,1.8111,1.7997,1.9119,5.85,306,60
T-11,8/21/19,11:32:11 AM,0.73852,0.62525,0.73016,5.85,307,199
T-11,8/21/19,11:32:26 AM,0.28215,0.27102,0.38724,5.85,308,200
T-11,8/21/19,11:33:01 AM,0.10429,0.076362,0.12814,5.85,3XB ,40
T-11,8/21/19,11:42:19 AM,189.63,187.87,191.52,5.85,4XS ,133
T-11,8/21/19,11:42:42 AM,142.04,138.55,144.48,5.85,401,35
T-11,8/21/19,11:43:06 AM,64.238,67.915,71.062,5.85,402,53
T-11,8/21/19,11:43:23 AM,28.014,26.083,28.73,5.85,403,41
T-11,8/21/19,11:43:40 AM,9.1259,8.7167,11.622,5.85,404,56
T-11,8/21/19,11:43:57 AM,3.2512,3.23,3.2818,5.85,405,43
T-11,8/21/19,11:44:21 AM,0.66391,0.65402,0.68068,5.85,406,209
T-11,8/21/19,11:44:50 AM,0.17371,0.17974,0.20294,5.84,407,208
T-11,8/21/19,11:45:04 AM,0.042344,0.039928,0.15998,5.84,408,66
T-11,8/21/19,11:57:05 AM,169.24,164.19,173.98,5.85,5XS ,130
T-11,8/21/19,11:57:24 AM,116.69,115.46,119.17,5.85,501,47
T-11,8/21/19,11:57:43 AM,60.02,59.003,62.246,5.85,502,37
T-11,8/21/19,11:58:11 AM,26.214,23.98,26.033,5.85,503,44
T-11,8/21/19,11:58:24 AM,7.6059,7.2759,7.6307,5.85,504,79
T-11,8/21/19,11:58:44 AM,2.2194,2.1734,2.2921,5.85,505,55
T-11,8/21/19,11:59:01 AM,0.50103,0.48453,0.54591,5.84,506,201
T-11,8/21/19,11:59:21 AM,0.1292,0.12456,0.25056,5.84,507,199
T-11,8/21/19,11:59:32 AM,0.099665,0.089846,0.14067,5.84,5XB ,131
T-12,8/21/19,12:43:29 PM,227.44,216.71,241.81,5.85,1XS ,110
T-12,8/21/19,12:43:50 PM,114.28,110.31,126.44,5.85,101,19
T-12,8/21/19,12:44:07 PM,29.582,27.389,30.065,5.85,102,55
T-12,8/21/19,12:44:26 PM,17.508,9.8406,16.119,5.85,103,55
T-12,8/21/19,12:44:52 PM,7.2258,6.9604,7.511,5.85,104,55
T-12,8/21/19,12:45:06 PM,2.0354,1.8793,2.1512,5.85,105,47
T-12,8/21/19,12:45:21 PM,0.1385,0.13401,0.18388,5.85,106,192
T-12,8/21/19,12:45:33 PM,0.2034,0.10467,0.31084,5.85,1XB ,238
T-12,8/21/19,12:55:36 PM,238.4,232.29,284.85,5.86,2XS ,122
T-12,8/21/19,12:55:54 PM,139.32,131.43,172.41,5.85,201,32
T-12,8/21/19,12:56:08 PM,84.94,82.448,85.051,5.85,202,60
T-12,8/21/19,12:56:24 PM,37.35,36.94,62.336,5.85,203,51
T-12,8/21/19,12:56:41 PM,15.343,14.902,15.376,5.85,204,46
T-12,8/21/19,12:56:59 PM,4.9938,4.7071,5.022,5.85,205,65
T-12,8/21/19,12:57:13 PM,1.4085,1.441,3.8979,5.85,206,62
T-12,8/21/19,12:57:29 PM,0.38276,0.39825,0.69265,5.85,207,233
T-12,8/21/19,12:57:47 PM,0.12017,0.11461,0.11921,5.85,208,193
T-12,8/21/19,12:58:03 PM,0.029816,0,0.055921,5.85,2XB,56
T-12,8/21/19,1:07:15 PM,217.68,218.59,224.67,5.85,3XS ,125
T-12,8/21/19,1:07:35 PM,138.65,129.42,201.3,5.85,301,32
T-12,8/21/19,1:07:52 PM,44.594,40.431,49.533,5.85,302,49
T-12,8/21/19,1:08:11 PM,14.901,14.883,15.537,5.85,303,46
T-12,8/21/19,1:09:07 PM,6.0683,6.1915,6.4627,5.84,304,66
T-12,8/21/19,1:09:39 PM,3.8393,2.3018,3.9782,5.84,305,73
T-12,8/21/19,1:09:58 PM,3.3307,3.2064,3.4481,5.84,306,59
T-12,8/21/19,1:10:10 PM,1.0949,1.0991,1.4094,5.84,307,52
T-12,8/21/19,1:10:25 PM,0.35654,0.32528,0.34906,5.84,308,208
T-12,8/21/19,1:10:43 PM,0.088655,0.075,0.10607,5.84,3XB ,84
T-12,8/21/19,1:22:06 PM,262.13,262.25,267.35,5.85,4XS ,108
T-12,8/21/19,1:22:31 PM,187.45,174.75,192.72,5.85,401,50
T-12,8/21/19,1:22:51 PM,118.47,113.51,125.45,5.84,402,33
T-12,8/21/19,1:23:31 PM,23.366,23.089,27.135,5.84,403,47
T-12,8/21/19,1:23:45 PM,6.1854,5.7338,6.2664,5.84,404,68
T-12,8/21/19,1:24:05 PM,2.3978,2.322,2.4808,5.84,405,54
T-12,8/21/19,1:24:21 PM,0.63585,0.6245,0.6617,5.84,406,203
T-12,8/21/19,1:24:34 PM,0.18918,0.17802,0.20027,5.83,407,201
T-12,8/21/19,1:24:47 PM,0.10472,0.061801,0.24841,5.83,408,248
T-12,8/21/19,1:37:39 PM,214.03,209.67,219.95,5.85,5XS ,126
T-12,8/21/19,1:37:56 PM,111.75,109.41,113.25,5.84,501,34
T-12,8/21/19,1:38:13 PM,32.713,32.147,33.568,5.84,502,47
T-12,8/21/19,1:38:26 PM,11.502,10.608,20.388,5.84,503,41
T-12,8/21/19,1:38:40 PM,2.5297,2.5111,4.3309,5.84,504,48
T-12,8/21/19,1:38:55 PM,0.73298,0.6853,0.75357,5.84,505,225
T-12,8/21/19,1:39:08 PM,0.31243,0.30211,1.3456,5.84,506,140
T-12,8/21/19,1:39:22 PM,0.08221,0.071777,0.26394,5.83,507,52
T-13,7/10/19,3:15:31 PM,128.75,130.26,189.86,5.78,1XS ,121
T-13,7/10/19,3:16:16 PM,2.3522,1.6791,2.274,5.78,101,40
T-13,7/10/19,3:16:37 PM,0.011337,0.0031668,0.030399,5.77,102,135
T-13,7/10/19,3:31:07 PM,32.746,24.288,38.392,5.78,2XS ,127
T-13,7/10/19,3:31:48 PM,1.7379,1.4124,1.9449,5.77,202,56
T-13,7/10/19,3:32:10 PM,0.0075838,0.00083305,0.015025,5.77,203,222
T-13,7/10/19,3:53:52 PM,25.269,22.003,35.176,5.78,3XS ,112
T-13,7/10/19,3:54:20 PM,1.5124,1.2789,1.5252,5.78,301,39
T-13,7/10/19,3:54:40 PM,0.0091539,0,0.065921,5.77,302,22
T-13,7/10/19,4:14:57 PM,23.557,20.662,25.947,5.78,4XS ,128
T-13,7/10/19,4:15:23 PM,1.2682,0.78868,1.5688,5.78,401,117
T-13,7/10/19,4:15:42 PM,0.018915,0.007562,0.034603,5.78,402,129
T-13,7/10/19,4:31:22 PM,44.102,37.481,50.589,5.79,5XS ,117
T-13,7/10/19,4:31:47 PM,2.8522,2.6601,3.1526,5.78,501,41
T-13,7/10/19,4:32:02 PM,0.021078,0.0029354,0.03362,5.78,502,120
T-13,8/20/19,9:02:02 AM,479.35,464.96,497.28,5.96,1XS ,139
T-13,8/20/19,9:02:38 AM,225.54,221.74,229.65,5.96,101,47
T-13,8/20/19,9:03:27 AM,47.515,44.628,46.435,5.96,102,61
T-13,8/20/19,9:03:53 AM,17.35,16.824,17.246,5.96,103,52
T-13,8/20/19,9:04:45 AM,4.9757,4.9043,5.0869,5.96,104,81
T-13,8/20/19,9:05:08 AM,1.4794,1.4624,1.5637,5.96,105,60
T-13,8/20/19,9:05:29 AM,0.43999,0.43539,0.44383,5.96,106,226
T-13,8/20/19,9:06:28 AM,0.168,0.17226,0.18031,5.95,107,195
T-13,8/20/19,9:06:52 AM,0.099381,0.097272,0.10111,5.95,1XB ,100
T-13,8/20/19,9:16:59 AM,502.18,481.84,507.64,5.95,2XS ,132
T-13,8/20/19,9:17:58 AM,269.49,267.05,272.81,5.95,201,69
T-13,8/20/19,9:19:17 AM,79.128,76.336,81.932,5.94,202,76
T-13,8/20/19,9:20:05 AM,25.294,24.865,25.235,5.94,203,49
T-13,8/20/19,9:20:58 AM,8.8596,8.7223,8.9139,5.94,204,86
T-13,8/20/19,9:21:47 AM,2.9972,2.9747,3.0196,5.94,205,78
T-13,8/20/19,9:22:39 AM,1.1023,1.0994,1.1065,5.93,206,50
T-13,8/20/19,9:23:21 AM,0.41573,0.40921,0.41458,5.93,207,196
T-13,8/20/19,9:23:57 AM,0.14727,0.14512,0.1503,5.93,208,193
T-13,8/20/19,9:24:17 AM,0.11064,0.10293,0.11329,5.93,2XB,3
T-13,8/20/19,9:36:15 AM,484.88,467.27,499.32,5.94,5XS ,151
T-13,8/20/19,9:37:05 AM,250.17,237.23,260.25,5.93,501,41
T-13,8/20/19,9:38:26 AM,60.569,57.8,64.106,5.93,502,67
T-13,8/20/19,9:38:42 AM,13.258,13.08,13.441,5.92,503,39
T-13,8/20/19,9:39:05 AM,3.0711,2.8639,3.2258,5.92,504,58
T-13,8/20/19,9:39:19 AM,0.77967,0.74914,0.98925,5.92,505,244
T-13,8/20/19,9:40:12 AM,0.24701,0.23688,0.26028,5.92,506,198
T-13,8/20/19,9:40:29 AM,0.05626,0.052195,0.059291,5.92,507,105
T-13,8/20/19,9:40:58 AM,0.024386,0.023044,0.027071,5.92,5XB ,146
T-13,8/20/19,9:51:17 AM,649.1,633.09,669.04,5.93,3XS ,126
T-13,8/20/19,9:51:44 AM,345.39,339.22,360.24,5.92,301,45
T-13,8/20/19,9:52:07 AM,94.794,94.721,95.924,5.92,302,76
T-13,8/20/19,9:52:55 AM,27.848,27.464,28.049,5.91,303,72
T-13,8/20/19,9:53:13 AM,8.8544,8.8229,8.9086,5.91,304,84
T-13,8/20/19,9:53:34 AM,2.9659,2.9485,2.9742,5.91,305,84
T-13,8/20/19,9:53:57 AM,0.93641,0.93211,0.94362,5.91,306,216
T-13,8/20/19,9:54:21 AM,0.28794,0.28675,0.31245,5.91,307,212
T-13,8/20/19,9:54:55 AM,0.10026,0.099379,0.10532,5.91,308,255
T-13,8/20/19,9:55:37 AM,0.033175,0.029953,0.033022,5.91,309,100
T-13,8/20/19,9:56:06 AM,0.018446,0.016528,0.019597,5.91,3XB ,158
T-13,8/20/19,10:08:06 AM,652.14,627.01,659.46,5.92,4XS ,116
T-13,8/20/19,10:08:53 AM,285.52,280.46,292.54,5.91,401,46
T-13,8/20/19,10:09:42 AM,53.137,50.544,53.653,5.91,402,44
T-13,8/20/19,10:10:37 AM,11.893,10.974,11.723,5.91,403,43
T-13,8/20/19,10:11:12 AM,3.4745,3.0696,3.3619,5.91,404,44
T-13,8/20/19,10:11:28 AM,0.92374,0.91069,0.94464,5.91,405,206
T-13,8/20/19,10:12:05 AM,0.28974,0.28145,0.29737,5.91,406,206
T-13,8/20/19,10:12:42 AM,0.081617,0.073946,0.084302,5.91,407,90
T-13,8/20/19,10:13:01 AM,0.018675,0.013919,0.020247,5.91,408,85
T-13,8/20/19,10:13:22 AM,0.0061322,0.0026034,0.012192,5.9,4XB ,214
T-14,9/4/19,9:00:09 AM,398.98,383.73,410.15,5.8,5XS ,128
T-14,9/4/19,9:00:36 AM,155.44,151.27,157.68,5.8,501,46
T-14,9/4/19,9:01:02 AM,36.032,32.935,35.967,5.8,502,48
T-14,9/4/19,9:01:32 AM,6.3668,6.0442,6.4529,5.8,503,59
T-14,9/4/19,9:01:53 AM,2.8401,2.2962,2.7373,5.8,504,52
T-14,9/4/19,9:02:15 AM,0.73191,0.69148,0.76091,5.8,505,212
T-14,9/4/19,9:02:41 AM,0.23188,0.20894,0.25306,5.8,506,203
T-14,9/4/19,9:03:34 AM,0.055132,0.03979,0.08601,5.8,507,88
T-14,9/4/19,9:17:23 AM,557.66,540.05,565.69,5.8,4XS ,133
T-14,9/4/19,9:17:54 AM,222.71,221.57,226,5.8,401,32
T-14,9/4/19,9:18:16 AM,45.196,45.708,48.34,5.8,402,62
T-14,9/4/19,9:18:42 AM,9.3947,8.6533,9.2014,5.8,403,69
T-14,9/4/19,9:19:02 AM,2.2186,2.0395,2.1219,5.8,404,49
T-14,9/4/19,9:19:26 AM,0.55236,0.55009,1.8293,5.8,405,164
T-14,9/4/19,9:19:41 AM,0.14757,0.11915,0.14466,5.8,406,211
T-14,9/4/19,9:19:58 AM,0.054444,0.051452,0.059698,5.79,407,130
T-14,9/4/19,9:36:33 AM,141.87,132.11,142.03,5.8,3XS ,99
T-14,9/4/19,9:37:10 AM,70.335,64.34,71.778,5.8,301,50
T-14,9/4/19,9:37:29 AM,16.845,13.207,16.613,5.8,302,52
T-14,9/4/19,9:37:45 AM,3.821,3.7831,10.038,5.8,303,47
T-14,9/4/19,9:38:03 AM,1.2419,1.1342,1.2685,5.8,304,46
T-14,9/4/19,9:38:19 AM,0.20065,0.19581,0.29458,5.79,305,223
T-14,9/4/19,9:38:37 AM,0.066245,0.062525,0.068278,5.79,306,123
T-14,9/4/19,9:52:48 AM,163.81,157.84,167.7,5.8,2XS ,127
T-14,9/4/19,9:53:12 AM,76.544,73.807,77.226,5.8,201,58
T-14,9/4/19,9:53:32 AM,19.74,18.433,19.846,5.79,202,64
T-14,9/4/19,9:53:46 AM,7.588,7.6286,7.8383,5.79,203,89
T-14,9/4/19,9:54:04 AM,0.5082,0.48089,0.53344,5.79,204,208
T-14,9/4/19,9:54:23 AM,0.049071,0.048995,0.058967,5.79,205,128
T-14,9/4/19,10:07:13 AM,257.11,254.6,268.17,5.8,1XS ,103
T-14,9/4/19,10:07:30 AM,108.63,110.88,243.69,5.8,101,33
T-14,9/4/19,10:07:49 AM,20.111,19.567,21.599,5.79,102,53
T-14,9/4/19,10:08:04 AM,6.1003,5.4922,6.6711,5.79,103,41
T-14,9/4/19,10:08:23 AM,1.0884,1.0781,1.1123,5.79,104,39
T-14,9/4/19,10:08:37 AM,0.31443,0.28969,0.31865,5.79,105,217
T-14,9/4/19,10:08:52 AM,0.070863,0.067219,0.07163,5.79,106,99
T-17,9/4/19,10:49:48 AM,431.39,405.32,449.5,5.8,1XS ,116
T-17,9/4/19,10:50:11 AM,183.41,182.31,185.41,5.79,101,29
T-17,9/4/19,10:50:34 AM,35.63,35.392,36.079,5.79,102,50
T-17,9/4/19,10:50:56 AM,6.6981,6.6166,7.351,5.79,103,64
T-17,9/4/19,10:51:11 AM,1.5698,1.3576,1.52,5.79,104,47
T-17,9/4/19,10:51:25 AM,0.37581,0.37198,0.47401,5.79,105,208
T-17,9/4/19,10:51:40 AM,0.070266,0.052852,0.072222,5.79,106,85
T-17,9/4/19,11:08:49 AM,369.33,365.06,373.29,5.79,2XS ,133
T-17,9/4/19,11:09:23 AM,175.35,171.72,191.41,5.79,201,42
T-17,9/4/19,11:10:03 AM,41.237,40.418,42.65,5.78,202,31
T-17,9/4/19,11:10:39 AM,13.324,12.928,13.437,5.78,203,46
T-17,9/4/19,11:11:03 AM,2.7061,2.6721,2.9318,5.78,204,45
T-17,9/4/19,11:11:51 AM,0.61935,0.5849,0.63036,5.77,205,206
T-17,9/4/19,11:12:07 AM,0.12427,0.1204,0.13037,5.77,206,171
T-17,9/4/19,11:12:38 AM,0.040042,0.037932,0.044453,5.77,207,83
T-17,9/4/19,11:28:48 AM,805.4,780.61,823.07,5.79,3XS ,127
T-17,9/4/19,11:29:14 AM,399.2,393.26,409.83,5.78,301,59
T-17,9/4/19,11:29:34 AM,86.754,85.699,88.942,5.78,302,92
T-17,9/4/19,11:29:48 AM,21.551,20.633,21.64,5.78,303,42
T-17,9/4/19,11:30:05 AM,5.5913,5.1348,5.4704,5.78,304,53
T-17,9/4/19,11:30:20 AM,1.2811,1.2554,1.4428,5.78,305,38
T-17,9/4/19,11:30:34 AM,0.27858,0.23953,0.27712,5.78,306,212
T-17,9/4/19,11:30:49 AM,0.059258,0.036053,0.058299,5.77,307,115
T-17,9/4/19,11:44:34 AM,811.64,756.47,852.92,5.78,4XS ,136
T-17,9/4/19,11:44:56 AM,416.95,414.13,418.35,5.78,401,52
T-17,9/4/19,11:45:12 AM,88.769,88.248,89.245,5.78,402,85
T-17,9/4/19,11:45:38 AM,17.052,16.699,17.136,5.77,403,63
T-17,9/4/19,11:46:18 AM,5.3796,5.3189,5.4472,5.77,404,80
T-17,9/4/19,11:46:39 AM,1.4902,1.3908,1.4159,5.77,405,65
T-17,9/4/19,11:47:03 AM,0.25701,0.23875,0.25141,5.77,406,200
T-17,9/4/19,11:47:19 AM,0.064346,0.053874,0.10105,5.76,407,53
T-17,9/4/19,12:01:20 PM,352.97,348.48,356.86,5.78,5XS ,132
T-17,9/4/19,12:01:52 PM,193.24,192,194.04,5.78,501,33
T-17,9/4/19,12:02:25 PM,58.289,53.977,57.458,5.77,502,80
T-17,9/4/19,12:02:47 PM,11.876,11.622,12.692,5.77,503,50
T-17,9/4/19,12:03:19 PM,2.9179,3.0787,3.4945,5.77,504,76
T-17,9/4/19,12:03:43 PM,0.29446,0.2927,0.33681,5.77,505,209
T-17,9/4/19,12:04:05 PM,0.063595,0.057765,0.060258,5.76,506,112
T-19,7/10/19,11:40:33 AM,284.37,275.32,291.8,5.78,1XS ,113
T-19,7/10/19,11:41:09 AM,124.65,122.71,126.22,5.77,101,26
T-19,7/10/19,11:41:37 AM,13.067,12.667,13.374,5.76,102,42
T-19,7/10/19,11:42:07 AM,1.3877,1.2448,1.4309,5.76,103,49
T-19,7/10/19,11:42:51 AM,0.036211,0.022786,0.044649,5.75,104,77
T-19,7/10/19,12:03:48 PM,102.5,81.782,117.85,5.77,2XS ,110
T-19,7/10/19,12:04:35 PM,61.036,58.224,65.611,5.76,201,35
T-19,7/10/19,12:05:06 PM,1.0527,0.96627,1.0902,5.75,202,86
T-19,7/10/19,12:05:28 PM,0.030982,0.012917,0.11571,5.75,203,29
T-19,7/10/19,12:42:20 PM,312.06,254.7,313.04,5.78,3XS ,96
T-19,7/10/19,12:43:27 PM,139.09,131.8,142.58,5.77,301,47
T-19,7/10/19,12:44:03 PM,6.4431,5.4613,9.141,5.77,302,34
T-19,7/10/19,12:44:44 PM,1.0593,1.0611,1.2199,5.76,303,39
T-19,7/10/19,12:45:09 PM,0.0059872,0.00057895,0.014962,5.76,304,2
T-19,7/10/19,1:06:51 PM,100.98,99.458,101.96,5.78,5XS ,126
T-19,7/10/19,1:07:25 PM,29.334,28.811,29.674,5.78,501,56
T-19,7/10/19,1:08:03 PM,0.52038,0.53822,0.81189,5.77,502,195
T-19,7/10/19,1:08:17 PM,0.0092786,0,0.018484,5.77,503,35
T-19,7/10/19,1:50:00 PM,134.77,119.76,150.38,5.78,4XS ,111
T-19,7/10/19,1:50:33 PM,15.161,10.912,14.319,5.77,401,27
T-19,7/10/19,1:51:11 PM,0.091195,0.079995,0.10205,5.77,402,39
T-19,8/20/19,11:08:14 AM,942.77,925.84,949.87,5.91,1XS ,142
T-19,8/20/19,11:08:37 AM,458.87,447.17,472.6,5.91,101,55
T-19,8/20/19,11:08:51 AM,111.56,110.04,114.66,5.91,102,18
T-19,8/20/19,11:09:06 AM,33.633,33.221,34.091,5.91,103,30
T-19,8/20/19,11:09:20 AM,10.513,10.76,33.73,5.91,104,23
T-19,8/20/19,11:09:32 AM,3.0754,3.022,4.4278,5.91,105,39
T-19,8/20/19,11:09:50 AM,0.90199,0.90648,0.91971,5.91,106,217
T-19,8/20/19,11:10:07 AM,0.27313,0.26898,0.27474,5.91,107,205
T-19,8/20/19,11:10:29 AM,0.093694,0.089092,0.094078,5.91,108,114
T-19,8/20/19,11:10:53 AM,0.031327,0.026187,0.050735,5.91,109,87
T-19,8/20/19,11:11:23 AM,0.010844,0.0096934,0.015639,5.91,110,121
T-19,8/20/19,11:25:01 AM,930.93,917.03,945.89,5.91,2XS ,122
T-19,8/20/19,11:25:26 AM,505.31,415.85,745.81,5.91,201,40
T-19,8/20/19,11:25:36 AM,288.6,142.36,454.05,5.91,202,40
T-19,8/20/19,11:26:10 AM,43.026,42.982,43.245,5.91,203,36
T-19,8/20/19,11:26:28 AM,14.963,14.793,14.977,5.91,204,65
T-19,8/20/19,11:26:43 AM,5.1258,5.1125,6.3443,5.91,205,45
T-19,8/20/19,11:26:57 AM,1.7657,1.7457,1.875,5.91,206,69
T-19,8/20/19,11:27:15 AM,0.5536,0.55207,0.65755,5.91,207,205
T-19,8/20/19,11:27:32 AM,0.20275,0.2011,0.20398,5.91,208,183
T-19,8/20/19,11:27:47 AM,0.081276,0.07721,0.08143,5.91,209,95
T-19,8/20/19,11:44:51 AM,525.42,523.9,535.18,5.91,3XS ,110
T-19,8/20/19,11:45:19 AM,291.6,289.85,293.13,5.91,301,52
T-19,8/20/19,11:45:45 AM,82.437,82.507,83.811,5.91,302,53
T-19,8/20/19,11:46:04 AM,25.532,25.523,25.814,5.91,303,39
T-19,8/20/19,11:46:20 AM,7.8744,7.8649,11.235,5.91,304,62
T-19,8/20/19,11:46:43 AM,2.5499,2.5335,2.5705,5.91,305,60
T-19,8/20/19,11:47:00 AM,0.83824,0.80825,0.83452,5.91,306,205
T-19,8/20/19,11:47:14 AM,0.32062,0.29983,0.3238,5.91,307,203
T-19,8/20/19,11:47:33 AM,0.094814,0.094047,0.09654,5.9,308,107
T-19,8/20/19,12:05:12 PM,1068,1051,1084.3,5.91,4XS ,86
T-19,8/20/19,12:06:32 PM,241.21,236.24,250.79,5.9,401,31
T-19,8/20/19,12:07:01 PM,72.502,76.399,79.438,5.9,402,62
T-19,8/20/19,12:07:37 PM,13.469,13.325,13.53,5.9,403,43
T-19,8/20/19,12:08:09 PM,3.7618,3.7212,3.7632,5.9,404,49
T-19,8/20/19,12:08:31 PM,1.054,1.0745,1.1602,5.9,405,23
T-19,8/20/19,12:09:05 PM,0.29098,0.29332,0.30137,5.9,406,197
T-19,8/20/19,12:09:43 PM,0.075724,0.075072,0.07699,5.89,407,115
T-19,8/20/19,12:10:19 PM,0.023291,0.020414,0.025784,5.89,408,91
T-19,8/20/19,12:23:27 PM,972.53,960.92,986.12,5.9,5XS ,131
T-19,8/20/19,12:23:52 PM,470.05,469.43,473.45,5.9,501,44
T-19,8/20/19,12:24:11 PM,100.53,99.6,101.34,5.9,502,20
T-19,8/20/19,12:24:25 PM,22.342,22.044,42.574,5.9,503,33
T-19,8/20/19,12:24:39 PM,5.1003,5.1057,11.579,5.9,504,43
T-19,8/20/19,12:24:50 PM,1.2094,1.1205,4.8968,5.9,505,49
T-19,8/20/19,12:25:06 PM,0.26871,0.26188,0.27818,5.89,506,221
T-19,8/20/19,12:25:20 PM,0.072938,0.069716,0.18747,5.89,507,69
T-21,9/4/19,1:06:52 PM,283.88,260.63,274.54,5.79,1XS ,126
T-21,9/4/19,1:07:06 PM,181.05,173.22,248.63,5.79,101,39
T-21,9/4/19,1:07:25 PM,66.226,64.879,67.633,5.78,102,70
T-21,9/4/19,1:07:40 PM,16.904,15.121,17.806,5.78,103,41
T-21,9/4/19,1:07:57 PM,3.8201,3.5598,4.3615,5.78,104,63
T-21,9/4/19,1:08:14 PM,0.8915,0.8536,0.94834,5.78,105,213
T-21,9/4/19,1:08:29 PM,0.15884,0.15627,0.16126,5.78,106,212
T-21,9/4/19,1:08:41 PM,0.042738,0.022409,0.050217,5.78,107,90
T-21,9/4/19,1:24:07 PM,318.81,312.93,326.52,5.79,2XS ,117
T-21,9/4/19,1:24:56 PM,178.2,174.58,181.06,5.78,201,51
T-21,9/4/19,1:25:40 PM,50.199,49.786,50.798,5.78,202,77
T-21,9/4/19,1:26:00 PM,25.352,23.456,26.527,5.77,203,48
T-21,9/4/19,1:26:21 PM,9.1379,9.0164,9.6148,5.77,204,72
T-21,9/4/19,1:26:41 PM,2.0897,2.0053,2.1235,5.77,205,49
T-21,9/4/19,1:26:55 PM,0.27391,0.25608,0.29405,5.77,206,215
T-21,9/4/19,1:27:10 PM,0.054857,0.053937,0.05643,5.77,207,108
T-21,9/4/19,1:42:16 PM,386.3,382.31,393.72,5.78,3XS ,121
T-21,9/4/19,1:42:56 PM,260.66,251.05,263.39,5.78,301,49
T-21,9/4/19,1:43:16 PM,110.14,106.05,114.15,5.78,302,24
T-21,9/4/19,1:43:39 PM,24.761,20.891,29.823,5.77,303,64
T-21,9/4/19,1:44:03 PM,6.037,6.1918,6.7953,5.77,304,66
T-21,9/4/19,1:44:19 PM,0.6839,0.67324,0.69664,5.77,305,228
T-21,9/4/19,1:44:36 PM,0.14472,0.14008,0.15581,5.77,306,202
T-21,9/4/19,1:44:51 PM,0.037477,0.03249,0.049751,5.77,307,110
T-21,9/4/19,1:57:42 PM,304.61,303.18,307.19,5.78,4XS ,114
T-21,9/4/19,1:58:03 PM,206.71,203.15,205.45,5.77,401,33
T-21,9/4/19,1:58:18 PM,85.22,78.971,85.11,5.77,402,63
T-21,9/4/19,1:58:32 PM,8.7073,8.5104,8.7491,5.77,403,70
T-21,9/4/19,1:58:55 PM,2.0639,2.0229,2.1158,5.77,404,58
T-21,9/4/19,1:59:10 PM,0.55815,0.54814,0.57288,5.77,405,221
T-21,9/4/19,1:59:28 PM,0.11777,0.11547,0.11911,5.77,406,210
T-21,9/4/19,1:59:51 PM,0.087509,0.085169,0.08958,5.76,407,131
T-21,9/4/19,2:14:49 PM,252.84,247.86,253.37,5.79,5XS ,136
T-21,9/4/19,2:15:05 PM,142.18,141.32,212.12,5.78,501,23
T-21,9/4/19,2:15:20 PM,43.034,42.146,100.8,5.78,502,28
T-21,9/4/19,2:15:38 PM,12.093,9.4827,20.81,5.78,503,56
T-21,9/4/19,2:15:53 PM,1.7671,1.7403,1.7823,5.77,504,56
T-21,9/4/19,2:16:15 PM,0.338,0.33412,0.34141,5.77,505,184
T-21,9/4/19,2:16:31 PM,0.056464,0.047028,0.055275,5.77,506,103
T-23,7/10/19,9:16:54 AM,364.25,338.79,381.32,5.8,1XS ,121
T-23,7/10/19,9:17:28 AM,223.26,218.64,227.33,5.8,101,37
T-23,7/10/19,9:18:06 AM,23.588,21.191,22.502,5.8,102,36
T-23,7/10/19,9:18:42 AM,2.6536,1.3902,1.6915,5.79,103,56
T-23,7/10/19,9:19:14 AM,0.55192,0.49883,0.67815,5.79,104,225
T-23,7/10/19,9:19:40 AM,0.069471,0.060035,0.072117,5.78,105,92
T-23,7/10/19,9:29:08 AM,625.94,606.65,656.01,5.79,2XS ,134
T-23,7/10/19,9:30:25 AM,231.87,214.28,254.22,5.78,201,41
T-23,7/10/19,9:31:18 AM,21.11,19.211,21.586,5.77,202,36
T-23,7/10/19,9:32:04 AM,1.7991,1.4837,1.7733,5.76,203,56
T-23,7/10/19,9:32:47 AM,0.079461,0.066995,0.089817,5.76,203,122
T-23,7/10/19,9:33:41 AM,0.025762,0.020392,0.034584,5.75,205,89
T-23,7/10/19,10:00:41 AM,952.01,918.64,986.73,5.8,3XS ,116
T-23,7/10/19,10:01:40 AM,325.01,327.18,475.13,5.78,301,27
T-23,7/10/19,10:02:08 AM,47.953,46.588,51.019,5.78,302,58
T-23,7/10/19,10:02:33 AM,10.655,9.1215,10.171,5.78,303,29
T-23,7/10/19,10:03:10 AM,1.2716,1.2608,1.6856,5.77,304,43
T-23,7/10/19,10:03:49 AM,0.13063,0.10762,0.16362,5.77,305,181
T-23,7/10/19,10:04:36 AM,0.032936,0.024766,0.045479,5.76,306,99
T-23,7/10/19,10:21:40 AM,1023.7,1017.6,1051.9,5.79,4XS ,94
T-23,7/10/19,10:22:44 AM,517.98,507.98,529.49,5.77,401,71
T-23,7/10/19,10:24:22 AM,71.39,66.154,77.868,5.76,402,56
T-23,7/10/19,10:24:52 AM,11.03,9.8141,11.473,5.76,403,28
T-23,7/10/19,10:25:31 AM,1.7515,1.5902,1.8458,5.75,404,47
T-23,7/10/19,10:26:01 AM,0.26509,0.24154,0.2776,5.75,405,190
T-23,7/10/19,10:26:30 AM,0.032116,0.024445,0.049376,5.75,406,85
T-23,7/10/19,10:41:33 AM,996.52,986.57,1009.8,5.79,5XS ,137
T-23,7/10/19,10:42:00 AM,443.2,431.43,465.8,5.78,501,27
T-23,7/10/19,10:42:53 AM,72.035,72.532,75.263,5.77,502,46
T-23,7/10/19,10:43:24 AM,11.774,11.611,12.056,5.77,503,34
T-23,7/10/19,10:43:43 AM,2.2621,2.249,2.3512,5.77,504,37
T-23,7/10/19,10:44:01 AM,0.36812,0.35267,0.38469,5.76,505,207
T-23,7/10/19,10:44:18 AM,0.061276,0,0.089161,5.76,506,240
T-23,8/20/19,1:22:34 PM,322.87,325.64,380.49,5.91,1XS ,114
T-23,8/20/19,1:22:55 PM,132.33,133.92,174.74,5.91,101,32
T-23,8/20/19,1:23:32 PM,70.718,68.298,72.905,5.91,102,58
T-23,8/20/19,1:23:55 PM,25.485,24.251,28.71,5.91,103,43
T-23,8/20/19,1:24:20 PM,8.6064,8.4972,13.67,5.9,104,53
T-23,8/20/19,1:24:43 PM,2.2429,2.2355,2.2545,5.9,105,44
T-23,8/20/19,1:25:18 PM,0.49232,0.456,0.52543,5.9,106,195
T-23,8/20/19,1:25:34 PM,0.10442,0.10197,0.10504,5.9,107,172
T-23,8/20/19,1:25:46 PM,0.025832,0.023722,0.073777,5.9,108,93
T-23,8/20/19,1:39:17 PM,100.64,99.576,103.89,5.91,2XS ,126
T-23,8/20/19,1:39:43 PM,50.748,50.706,51.255,5.91,201,45
T-23,8/20/19,1:40:01 PM,18.105,18.05,18.209,5.91,202,23
T-23,8/20/19,1:40:16 PM,5.3457,5.2233,5.4625,5.9,203,43
T-23,8/20/19,1:40:31 PM,1.4352,1.4182,1.4613,5.9,204,28
T-23,8/20/19,1:40:47 PM,0.44022,0.43795,0.44505,5.9,205,193
T-23,8/20/19,1:41:04 PM,0.11576,0.11365,0.11614,5.9,206,181
T-23,8/20/19,1:41:18 PM,0.038931,0.032909,0.068197,5.9,207,106
T-23,8/20/19,2:14:05 PM,244.71,230.24,248.87,5.91,3XS ,108
T-23,8/20/19,2:14:25 PM,143.51,130.58,162.36,5.91,301,29
T-23,8/20/19,2:14:38 PM,39.001,38.341,39.316,5.9,302,40
T-23,8/20/19,2:14:52 PM,11.09,11.005,11.243,5.9,303,13
T-23,8/20/19,2:15:06 PM,3.3048,3.2847,10.11,5.9,304,32
T-23,8/20/19,2:15:22 PM,1.0049,0.98201,1.019,5.9,305,81
T-23,8/20/19,2:15:36 PM,0.28905,0.28449,0.95478,5.9,306,223
T-23,8/20/19,2:15:50 PM,0.086417,0.082351,0.085995,5.9,307,107
T-23,8/20/19,2:30:34 PM,846.55,850.2,876.69,5.9,4XS ,130
T-23,8/20/19,2:30:54 PM,391.97,390.45,412,5.9,401,38
T-23,8/20/19,2:31:11 PM,124.12,122.75,125.44,5.9,402,20
T-23,8/20/19,2:31:34 PM,44.332,44.215,44.356,5.89,403,47
T-23,8/20/19,2:31:51 PM,15.612,15.537,15.726,5.89,404,52
T-23,8/20/19,2:32:19 PM,4.6924,4.7142,4.835,5.89,405,67
T-23,8/20/19,2:32:35 PM,1.7565,1.7331,2.1654,5.89,406,61
T-23,8/20/19,2:32:52 PM,0.58469,0.58162,0.58507,5.89,407,229
T-23,8/20/19,2:33:11 PM,0.19306,0.19172,0.19479,5.89,408,218
T-23,8/20/19,2:33:27 PM,0.058122,0.057087,0.059772,5.89,409,113
T-23,8/20/19,2:50:16 PM,830.28,827.67,843.81,5.9,5XS ,128
T-23,8/20/19,2:50:47 PM,394.59,390.46,400.19,5.89,501,60
T-23,8/20/19,2:51:09 PM,102.56,102.68,103.6,5.89,502,37
T-23,8/20/19,2:51:33 PM,31.385,31.114,31.535,5.89,503,43
T-23,8/20/19,2:51:49 PM,9.2666,9.2348,11.109,5.89,504,73
T-23,8/20/19,2:52:07 PM,2.5069,2.4605,2.5606,5.89,505,61
T-23,8/20/19,2:52:22 PM,0.81818,0.80038,0.84257,5.88,506,217
T-23,8/20/19,2:52:37 PM,0.30676,0.30365,0.30864,5.88,507,215
T-23,8/20/19,2:52:50 PM,0.081415,0.072362,0.20699,5.88,508,58